,Client name,Industry,Location,Position,Skillset,Interview Type,Gender,Current Location,Candidate Job Location,Interview Venue,Native,permission,meetings,Reminder,Alternate number,Resume printout & JD,Venue clear,Call letter shared,Expected Attendance,Observed Attendance,Marital Status
0,5,3,1,3,70,1,1,1,4,4,21,1,1,1,1,1,1,1,2,0,1
1,5,3,1,3,70,1,1,1,0,4,38,1,1,1,1,1,1,1,2,0,1
2,5,3,1,3,70,1,1,1,1,4,10,1,1,1,1,1,1,1,1,0,1
3,5,3,1,3,70,1,1,1,1,4,10,1,1,0,1,0,1,1,1,0,1
4,5,3,1,3,70,1,1,1,0,4,10,1,1,1,0,1,1,1,1,0,0
5,1,2,4,5,70,1,1,4,3,3,19,1,1,1,1,1,1,1,2,1,1
6,1,2,4,5,70,1,1,4,3,3,19,1,1,1,1,1,1,1,2,1,1
7,1,2,4,5,70,1,0,4,3,3,30,1,1,1,1,1,1,1,2,1,1
8,1,2,4,5,70,1,1,4,3,3,16,1,1,1,1,1,1,1,2,1,1
9,1,2,4,5,70,1,0,4,3,3,16,1,1,1,1,1,1,1,2,0,1
10,9,2,0,1,70,1,1,0,0,0,12,1,1,1,1,1,1,1,2,1,1
11,9,2,0,1,70,1,0,0,0,0,39,0,1,0,0,1,1,1,1,0,1
12,9,2,0,1,70,1,1,0,0,0,6,1,1,1,1,1,1,1,2,1,1
13,9,2,0,1,70,1,1,0,0,0,39,0,1,1,1,1,1,0,1,1,1
14,9,2,0,1,70,1,1,0,0,0,12,1,1,1,1,1,1,1,2,1,1
15,9,2,0,1,70,1,0,0,0,0,12,1,1,1,1,1,1,1,2,1,1
16,9,2,0,1,70,1,0,0,0,0,39,1,1,1,1,1,1,1,2,1,1
17,9,2,0,1,70,1,0,0,0,0,6,0,1,1,0,1,1,1,0,0,1
18,9,2,0,1,70,1,1,0,0,0,12,1,1,1,1,1,1,1,2,1,1
19,9,2,0,1,70,1,1,0,0,0,12,1,1,1,1,1,1,1,2,0,1
20,9,2,0,1,70,1,1,0,0,0,39,0,1,1,1,1,1,0,0,0,1
21,9,2,0,1,70,1,1,0,0,0,39,1,1,1,1,1,1,1,2,1,1
22,9,2,0,1,70,1,1,0,0,0,12,1,1,1,1,1,1,1,2,1,1
23,9,2,0,1,70,1,1,0,0,0,12,1,1,1,1,1,1,1,2,1,1
24,9,2,0,1,70,1,1,0,0,0,39,1,1,1,0,0,1,1,1,0,1
25,9,2,0,1,70,1,1,0,0,0,12,0,0,1,1,1,1,0,0,0,1
26,9,2,0,1,70,1,1,0,0,0,6,0,1,1,1,1,1,0,0,0,0
27,9,2,0,1,70,1,1,0,0,0,6,0,1,1,1,0,1,0,0,0,1
28,8,0,1,0,70,1,0,1,1,1,10,1,1,1,1,1,1,1,2,1,0
29,8,0,1,0,70,1,0,1,1,1,10,1,1,1,1,1,1,1,2,1,0
30,8,0,1,0,70,1,0,1,1,1,10,1,1,1,1,1,1,1,2,1,1
31,8,0,1,0,70,1,0,1,1,1,13,1,1,1,0,1,1,0,1,0,1
32,8,0,1,0,70,1,1,1,1,1,38,1,1,1,1,1,1,1,2,1,0
33,8,0,1,0,70,1,1,1,1,1,10,1,1,1,1,1,1,1,2,0,0
34,8,0,1,0,70,1,1,1,1,1,10,1,1,1,0,1,0,1,0,0,0
35,8,0,1,0,70,1,1,1,1,1,35,1,1,1,1,1,1,1,2,1,1
36,8,0,1,6,70,1,0,1,1,1,10,1,1,1,1,1,1,1,2,1,0
37,8,0,1,6,70,1,1,1,1,1,10,1,1,1,1,1,1,1,2,0,1
38,8,0,1,6,70,1,1,1,1,1,10,1,1,1,1,1,1,1,2,1,0
39,8,0,1,6,70,1,1,1,1,1,10,1,1,1,1,1,1,1,2,1,0
40,8,0,1,6,70,1,1,1,1,1,10,1,1,1,1,1,0,1,0,0,0
41,8,0,1,6,70,1,0,1,1,1,36,1,1,1,1,1,1,1,2,1,1
42,8,0,1,6,70,1,0,1,1,1,38,1,1,1,0,0,1,1,0,0,0
43,8,0,1,6,70,1,1,1,1,1,13,1,1,1,1,1,1,1,2,1,1
44,8,0,1,6,70,1,1,1,1,1,10,1,1,1,1,1,1,1,2,0,0
45,8,0,1,6,70,1,0,1,1,1,10,1,1,1,1,1,1,1,2,1,0
46,8,0,1,6,70,1,0,1,1,1,10,1,1,1,1,1,0,0,0,1,0
47,8,0,1,4,61,1,0,1,1,1,10,1,1,1,1,1,1,1,2,1,0
48,8,0,1,4,61,1,1,1,1,1,10,1,1,1,1,1,1,1,2,1,1
49,8,0,1,4,61,1,1,1,1,1,10,1,1,1,1,1,1,1,2,1,1
50,8,0,1,4,61,1,1,1,1,1,22,1,1,1,1,1,1,1,2,1,0
51,8,0,1,4,61,1,1,1,1,1,27,1,1,1,1,1,1,1,2,0,0
52,8,0,1,4,61,1,1,1,1,1,38,1,1,1,1,1,1,1,2,1,0
53,8,0,1,4,61,1,0,1,1,1,10,1,1,1,1,1,1,1,2,0,0
54,8,0,1,4,61,1,0,1,1,1,10,1,1,1,1,1,1,1,2,1,0
55,8,0,1,4,61,1,1,1,1,1,10,1,1,1,1,1,1,1,2,1,0
56,8,0,1,4,61,1,1,1,1,1,10,1,1,1,1,1,1,1,2,1,1
57,8,0,1,4,61,1,1,1,1,1,10,1,1,1,1,1,1,1,2,1,1
58,8,0,1,4,61,1,1,1,1,1,10,1,1,1,1,1,1,1,2,0,1
59,8,0,1,4,61,1,0,1,1,1,10,1,1,1,1,1,1,1,2,0,0
60,8,0,1,4,61,1,0,1,1,1,10,1,1,1,1,1,1,1,2,0,0
61,8,0,1,4,61,1,1,1,1,1,10,1,1,1,1,1,1,1,2,1,1
62,8,0,1,4,61,1,1,1,1,1,10,1,1,1,1,1,1,1,2,1,1
63,8,0,1,4,61,1,1,1,1,1,10,1,1,1,1,1,1,1,2,1,1
64,8,0,1,4,61,1,1,1,1,1,10,1,1,1,1,1,1,1,2,1,1
65,8,0,1,4,61,1,1,1,1,1,10,1,1,1,1,1,1,1,2,0,1
66,8,0,1,4,61,1,1,1,1,1,10,1,1,1,1,1,1,1,2,1,1
67,8,0,1,4,61,1,1,1,1,1,10,1,1,1,1,1,1,1,2,1,0
68,8,0,1,4,61,1,1,1,1,1,10,1,1,1,1,1,1,1,2,1,0
69,8,0,1,4,61,1,0,1,1,1,10,1,1,1,1,1,1,1,2,1,0
70,8,0,1,4,61,1,1,1,1,1,10,1,1,1,1,1,1,1,2,1,1
71,8,0,1,4,61,1,1,1,1,1,10,1,1,1,1,1,1,1,2,1,0
72,8,0,1,4,61,1,0,1,1,1,10,1,1,1,1,1,1,1,2,1,0
73,8,0,1,4,61,1,0,1,1,1,10,1,1,1,1,1,1,1,2,1,0
74,8,0,1,4,61,1,1,1,1,1,10,1,1,1,1,1,1,1,2,1,1
75,8,0,1,4,61,1,1,1,1,1,10,1,1,1,1,1,1,1,2,1,1
76,8,0,1,4,61,1,1,1,1,1,10,1,1,1,1,1,1,1,2,1,1
77,8,0,1,4,61,1,0,1,1,1,10,1,1,1,1,1,1,1,2,0,0
78,8,0,1,4,61,1,1,1,1,1,10,1,1,1,1,1,1,1,2,0,1
79,8,0,1,4,61,1,1,1,1,1,10,1,1,1,1,1,1,1,2,1,1
80,8,0,1,4,61,1,1,1,1,1,10,1,1,1,1,1,1,1,2,0,1
81,8,0,1,4,61,1,0,1,1,1,10,1,1,1,1,1,1,1,2,1,1
82,8,0,1,4,61,1,0,1,1,1,10,1,1,1,1,1,1,1,2,0,1
83,8,0,1,4,61,1,1,1,1,1,10,1,1,1,1,1,1,1,2,1,1
84,8,0,1,4,61,1,1,1,1,1,10,1,1,1,1,1,1,0,0,0,0
85,8,0,1,4,61,1,1,1,1,1,10,2,1,1,1,0,1,1,0,0,1
86,8,0,1,4,61,1,1,1,1,1,10,2,1,1,0,1,1,1,0,0,1
87,8,0,1,4,61,1,0,1,1,1,10,1,1,1,0,1,0,1,0,0,1
88,8,0,1,4,61,1,1,1,1,1,10,2,1,1,1,1,0,1,0,0,1
89,8,0,1,4,61,1,1,1,1,1,10,2,1,1,1,1,0,0,0,0,0
90,8,0,1,4,9,1,1,1,1,1,10,1,1,1,1,1,1,1,2,1,0
91,8,0,1,4,9,1,1,1,1,1,10,1,1,1,1,1,1,1,2,1,1
92,8,0,1,4,9,1,1,1,1,1,22,1,1,1,1,1,1,1,2,0,1
93,8,0,1,4,9,1,0,1,1,1,10,1,1,1,1,1,1,1,2,0,0
94,8,0,1,4,9,1,1,1,1,1,10,1,1,1,1,1,1,1,2,1,1
95,8,0,1,4,9,1,1,1,1,1,10,1,1,1,1,1,1,1,2,0,0
96,8,0,1,4,9,1,1,1,1,1,22,1,1,1,1,1,1,1,2,0,0
97,8,0,1,4,9,1,0,1,1,1,22,1,1,1,1,1,1,1,2,1,0
98,8,0,1,4,9,1,1,1,1,1,22,1,1,1,1,1,1,1,2,1,0
99,8,0,1,4,9,1,1,1,1,1,10,1,1,1,1,1,1,1,2,1,1
100,8,0,1,4,9,1,1,1,1,1,10,1,1,1,1,1,1,1,2,0,1
101,8,0,1,4,9,1,0,1,1,1,10,1,1,1,1,1,1,1,2,1,0
102,8,0,1,4,9,1,1,1,1,1,10,1,1,1,1,1,1,1,2,1,1
103,8,0,1,4,9,1,1,1,1,1,10,1,1,1,1,1,1,1,2,0,1
104,8,0,1,4,9,1,1,1,1,1,10,1,1,1,1,1,1,1,2,1,1
105,8,0,1,4,9,1,1,1,1,1,10,1,1,1,1,1,1,1,2,1,1
106,8,0,1,4,9,1,1,1,1,1,22,1,1,1,1,1,1,1,2,1,0
107,8,0,1,4,9,1,1,1,1,1,22,1,1,1,1,1,1,1,2,1,0
108,8,0,1,4,9,1,1,1,1,1,10,1,1,1,1,1,1,1,2,0,1
109,8,0,1,4,9,1,1,1,1,1,10,1,1,1,1,1,1,1,2,0,1
110,8,0,1,4,9,1,0,1,1,1,22,1,1,1,1,1,1,1,2,1,1
111,8,0,1,4,9,1,0,1,1,1,12,1,1,1,1,1,1,1,2,1,1
112,8,0,1,4,9,1,1,1,1,1,10,1,1,1,1,1,1,1,2,0,1
113,8,0,1,4,9,1,0,1,1,1,10,1,1,1,1,1,1,1,2,1,1
114,8,0,1,4,9,1,0,1,1,1,12,1,1,1,1,1,1,1,2,1,0
115,8,0,1,4,9,1,1,1,1,1,22,1,1,1,1,1,1,1,2,1,1
116,8,0,1,4,9,1,1,1,1,1,22,1,1,1,1,1,1,1,2,1,1
117,8,0,1,4,9,1,1,1,1,1,22,1,1,1,1,1,1,1,2,0,1
118,8,0,1,4,9,1,1,1,1,1,39,1,1,1,1,1,1,1,2,1,1
119,8,0,1,4,9,1,0,1,1,1,39,1,1,1,1,1,1,1,2,1,0
120,8,0,1,4,9,1,1,1,1,1,10,0,0,0,0,0,1,1,0,0,1
121,8,0,1,4,9,1,1,1,1,1,10,1,1,1,1,1,1,1,2,0,1
122,8,0,1,4,9,1,0,1,1,1,10,1,1,1,1,1,1,1,2,1,1
123,8,0,1,4,9,1,0,1,1,1,10,0,1,0,0,1,1,0,1,1,1
124,8,0,1,4,9,1,1,1,1,1,10,0,1,1,1,0,0,0,0,0,1
125,8,0,1,4,9,1,1,1,1,1,10,1,1,1,1,1,1,1,2,1,1
126,8,0,1,4,9,1,0,1,1,1,10,0,1,1,1,0,0,0,0,0,1
127,8,0,1,4,9,1,1,1,1,1,10,1,1,1,1,1,1,1,2,0,1
128,8,0,1,4,9,1,0,1,1,1,10,1,1,1,1,1,1,1,2,1,1
129,8,0,1,4,9,1,1,1,1,1,10,1,1,1,1,1,1,1,2,1,1
130,8,0,1,4,9,1,1,1,1,1,10,1,1,1,1,1,1,1,2,0,1
131,8,0,1,4,9,1,0,1,1,1,10,1,1,1,1,1,1,1,2,1,0
132,8,0,1,4,9,1,0,1,1,1,10,1,1,1,1,1,1,1,2,1,0
133,0,0,0,2,13,1,1,0,0,0,6,1,1,1,1,1,1,1,2,1,1
134,0,0,0,2,13,1,1,0,0,0,10,1,1,1,1,1,1,1,2,1,1
135,0,0,0,2,13,0,1,0,0,0,34,1,1,1,1,1,1,1,2,1,1
136,0,0,0,2,13,0,1,0,0,0,27,1,1,1,1,1,1,1,2,1,1
137,0,0,0,2,13,0,1,0,0,0,6,1,1,1,1,1,1,1,2,1,1
138,0,0,0,2,13,0,1,0,0,0,6,1,1,1,1,1,1,1,2,1,1
139,0,0,0,2,13,0,1,0,0,0,6,1,1,1,1,1,1,1,2,0,1
140,0,0,0,2,13,0,0,0,0,0,10,1,1,1,1,1,1,1,2,1,0
141,0,0,0,2,13,0,1,0,0,0,34,1,1,1,1,1,1,1,2,0,1
142,0,0,0,2,13,0,0,0,0,0,22,1,1,1,1,1,1,1,2,1,0
143,0,0,0,2,13,0,1,0,0,0,24,1,1,1,1,1,1,1,2,1,1
144,0,0,0,2,13,0,1,0,0,0,6,1,1,1,1,1,1,1,2,1,1
145,0,0,0,2,13,0,1,0,0,0,10,1,1,1,1,1,1,1,2,1,1
146,0,0,0,2,13,0,1,0,0,0,10,1,1,1,1,1,1,1,2,1,1
147,0,0,0,2,13,0,1,0,0,0,6,1,1,1,1,1,1,1,2,1,1
148,0,0,0,2,13,0,1,0,0,0,6,1,1,1,1,1,1,1,2,1,1
149,0,0,0,2,13,0,1,0,0,0,6,1,1,1,1,1,1,1,2,1,1
150,0,0,0,2,13,0,1,0,0,0,6,1,1,1,1,1,1,1,2,1,1
151,0,0,0,2,13,0,1,0,0,0,39,1,1,1,1,1,1,1,2,1,1
152,0,0,0,2,13,0,1,0,0,0,6,1,1,1,1,1,1,1,2,1,1
153,0,0,0,2,13,0,1,0,0,0,6,1,1,1,1,1,1,1,2,1,1
154,0,0,0,2,13,0,1,0,0,0,6,1,1,1,1,1,1,1,2,1,1
155,8,0,0,4,25,2,1,0,0,0,6,1,1,1,1,1,1,1,2,1,1
156,8,0,0,4,25,2,1,0,0,0,6,1,1,1,1,1,1,1,2,1,1
157,8,0,0,4,25,2,1,0,0,0,6,1,1,1,1,1,1,1,2,1,1
158,8,0,0,4,25,2,0,0,0,0,6,1,1,1,1,1,1,1,2,0,1
159,8,0,0,4,25,2,0,0,0,0,6,1,1,1,1,1,1,1,2,0,1
160,8,0,0,4,25,2,0,0,0,0,6,1,1,1,1,1,1,1,2,1,1
161,8,0,0,4,25,2,1,0,0,0,6,1,1,1,1,1,1,1,2,1,1
162,8,0,0,4,25,2,0,0,0,0,6,1,1,1,1,1,1,1,2,1,1
163,8,0,0,4,25,2,0,0,0,0,6,1,1,1,1,1,1,1,2,1,1
164,8,0,0,4,25,2,1,0,0,0,6,1,1,1,1,1,1,1,2,0,1
165,8,0,0,4,25,2,1,0,0,0,6,1,1,1,1,1,1,1,2,1,1
166,8,0,0,4,25,2,1,0,0,0,6,1,1,1,1,1,1,1,2,1,1
167,8,0,0,4,25,2,1,0,0,0,6,1,1,1,1,1,1,1,2,1,1
168,8,0,0,4,25,2,1,0,0,0,6,1,1,1,1,1,1,1,2,0,1
169,8,0,0,4,25,2,1,0,0,0,6,1,1,1,1,1,1,1,2,0,1
170,8,0,0,4,25,2,1,0,0,0,6,1,1,1,1,1,1,1,2,1,1
171,8,0,0,4,25,2,1,0,0,0,6,1,1,1,1,1,1,1,2,1,1
172,8,0,0,4,25,2,0,0,0,0,6,1,1,1,1,1,1,1,2,1,0
173,8,0,0,4,25,2,1,0,0,0,6,1,1,1,1,1,1,1,2,1,1
174,8,0,0,4,25,2,1,0,0,0,6,1,1,1,1,1,1,1,2,0,1
175,8,0,0,4,25,2,1,0,0,0,6,1,1,1,1,1,1,1,2,1,1
176,8,0,0,4,25,2,1,0,0,0,6,1,1,1,1,1,1,1,2,1,1
177,8,0,0,4,25,2,1,0,0,0,6,1,1,1,1,1,1,1,2,0,1
178,8,0,0,4,25,2,1,0,0,0,6,1,1,1,1,1,1,1,2,0,1
179,8,0,0,4,25,2,0,0,0,0,6,1,1,1,1,1,1,1,2,1,0
180,8,0,0,4,25,2,0,0,0,0,6,1,1,1,1,1,1,1,2,1,1
181,8,0,0,4,25,2,1,0,0,0,6,1,1,1,1,1,1,1,2,1,1
182,8,0,0,4,25,2,0,0,0,0,6,1,1,1,1,1,1,1,2,1,0
183,8,0,0,4,25,2,1,0,0,0,6,1,1,1,1,1,1,1,2,1,1
184,8,0,0,4,25,2,1,0,0,0,6,1,1,1,1,1,1,1,2,1,1
185,8,0,0,4,25,2,1,0,0,0,6,1,1,1,1,1,1,1,2,1,1
186,8,0,0,4,25,2,1,0,0,0,6,1,1,1,1,1,1,1,2,1,1
187,8,0,0,4,25,2,1,0,0,0,6,1,1,1,1,1,1,1,2,1,1
188,8,0,0,4,25,2,1,0,0,0,6,1,1,1,1,1,1,1,2,1,1
189,8,0,0,4,25,2,1,0,0,0,6,1,1,1,1,1,1,1,2,1,1
190,8,0,0,4,25,2,0,0,0,0,6,1,1,1,1,1,1,1,2,1,0
191,8,0,0,4,25,2,1,0,0,0,6,1,1,1,1,1,1,1,2,1,1
192,8,0,0,4,25,2,1,0,0,0,6,1,1,1,1,1,1,1,2,1,1
193,8,0,0,4,25,2,1,0,0,0,6,1,1,1,1,1,1,1,2,1,1
194,8,0,0,4,25,2,1,0,0,0,6,1,1,1,1,1,1,1,2,1,1
195,8,0,0,4,25,2,1,0,0,0,6,1,1,1,1,1,1,1,2,1,1
196,8,0,0,4,25,2,1,0,0,0,6,1,1,1,1,1,1,1,2,1,1
197,8,0,0,4,25,2,1,0,0,0,6,1,1,1,1,1,1,1,2,1,1
198,8,0,0,4,25,2,0,0,0,0,6,1,1,1,1,1,1,1,2,0,0
199,8,0,0,4,25,2,0,0,0,0,6,1,1,1,1,1,1,1,2,0,1
200,8,0,0,4,25,2,0,0,0,0,6,1,1,1,1,1,1,1,2,1,1
201,8,0,0,4,25,2,1,0,0,0,6,1,1,1,1,1,1,1,2,0,1
202,8,0,0,4,25,2,0,0,0,0,6,1,1,1,1,1,1,1,2,1,1
203,8,0,0,4,25,2,0,0,0,0,6,1,1,1,1,1,1,1,2,0,1
204,8,0,0,4,25,2,1,0,0,0,6,1,1,1,1,1,1,1,2,1,1
205,8,0,0,4,25,2,1,0,0,0,6,1,1,1,1,1,1,1,2,0,1
206,8,0,0,4,25,2,1,0,0,0,6,1,1,1,1,1,1,1,2,0,1
207,8,0,0,4,25,2,0,0,0,0,6,1,1,1,1,1,1,1,2,0,1
208,8,0,0,4,25,2,1,0,0,0,6,1,1,1,1,1,1,1,2,1,1
209,8,0,0,4,25,2,1,0,0,0,6,1,1,1,1,1,1,1,2,1,1
210,8,0,0,4,25,2,1,0,0,0,6,1,1,1,1,1,1,1,2,0,1
211,8,0,0,4,25,2,0,0,0,0,6,1,1,1,1,1,1,1,2,0,0
212,8,0,0,4,25,2,1,0,0,0,6,1,1,1,1,1,1,1,2,0,1
213,8,0,0,4,25,2,1,0,0,0,6,1,1,1,1,1,1,1,2,0,1
214,8,0,0,4,25,2,1,0,0,0,6,1,1,1,1,1,1,1,2,1,1
215,8,0,0,4,25,2,1,0,0,0,6,1,1,1,1,1,1,1,2,1,1
216,8,0,0,4,25,2,1,0,0,0,6,1,1,1,1,1,1,1,2,0,0
217,8,0,0,4,25,2,1,0,0,0,6,1,1,1,1,1,1,1,2,1,1
218,8,0,0,4,25,2,1,0,0,0,6,1,1,1,1,1,1,1,2,1,0
219,8,0,0,4,25,2,1,0,0,0,6,1,1,1,1,1,1,1,2,1,1
220,8,0,0,4,25,2,0,0,0,0,6,1,1,1,1,1,1,1,2,1,0
221,8,0,0,4,25,2,1,0,0,0,6,1,1,1,1,1,1,1,2,1,1
222,8,0,0,4,25,2,1,0,0,0,6,1,1,1,1,1,1,1,2,1,0
223,8,0,0,4,25,2,1,0,0,0,6,1,1,1,1,1,1,1,2,1,1
224,8,0,0,4,25,2,1,0,0,0,6,1,1,1,1,1,1,1,2,0,1
225,8,0,0,4,25,2,1,0,0,0,6,1,1,1,1,1,1,1,2,0,1
226,8,0,0,4,25,2,1,0,0,0,6,1,1,1,1,1,1,1,2,0,1
227,8,0,0,4,25,2,1,0,0,0,6,1,1,1,1,1,1,1,2,1,1
228,8,0,0,4,25,2,1,0,0,0,6,1,1,1,1,1,1,1,2,1,1
229,8,0,0,4,25,2,1,0,0,0,6,1,1,1,1,1,1,1,2,1,1
230,8,0,0,4,25,2,1,0,0,0,6,1,1,1,1,1,1,1,2,0,1
231,8,0,0,4,25,2,1,0,0,0,6,1,1,1,1,1,1,1,2,1,1
232,8,0,0,4,25,2,1,0,0,0,6,1,1,1,1,1,1,1,2,0,0
233,8,0,0,4,25,2,1,0,0,0,6,1,1,1,1,1,1,1,2,0,0
234,8,0,0,4,25,2,1,0,0,0,6,1,1,1,1,1,1,1,2,1,0
235,8,0,0,4,25,2,1,0,0,0,6,1,1,1,1,1,1,1,2,1,1
236,8,0,0,4,25,2,1,0,0,0,6,1,1,1,1,1,1,1,2,1,1
237,8,0,0,4,25,2,1,0,0,0,6,1,1,1,1,1,1,1,2,1,1
238,8,0,0,4,25,2,1,0,0,0,6,1,1,1,1,1,1,1,2,0,1
239,8,0,0,4,25,2,1,0,0,0,6,1,1,1,1,1,1,1,2,1,0
240,8,0,0,4,25,2,1,0,0,0,6,1,1,1,1,1,1,1,2,1,1
241,8,0,0,4,8,1,1,0,0,0,6,1,1,1,1,1,1,1,2,1,1
242,8,0,0,4,8,1,1,0,0,0,10,1,1,1,1,1,1,1,1,1,1
243,8,0,0,4,8,1,0,0,0,0,6,0,1,1,1,1,1,1,1,0,1
244,8,0,0,4,8,1,1,0,0,0,10,0,1,1,1,1,1,1,1,0,1
245,8,0,0,4,8,1,1,0,0,0,10,0,1,1,1,1,1,1,1,1,0
246,8,0,0,4,8,1,1,0,0,0,24,1,1,1,1,1,1,1,2,1,0
247,8,0,0,4,8,1,0,0,0,0,2,1,1,1,1,1,1,1,1,0,1
248,8,0,0,4,8,1,0,0,0,0,10,1,1,1,1,1,1,1,1,1,1
249,8,0,0,4,8,1,0,0,0,0,31,1,1,1,1,1,1,1,2,0,1
250,8,0,0,4,8,1,1,0,0,0,27,1,1,1,1,1,1,1,2,1,0
251,8,0,0,4,8,1,1,0,0,0,22,1,1,1,1,1,1,1,1,1,1
252,8,0,0,4,8,1,1,0,0,0,6,1,1,1,1,1,1,1,2,1,1
253,8,0,0,4,8,1,0,0,0,0,6,1,1,1,1,1,1,1,2,1,0
254,8,0,0,4,8,1,1,0,0,0,6,1,1,1,1,1,1,1,1,0,1
255,8,0,0,4,8,1,1,0,0,0,2,1,1,1,1,1,1,1,1,0,1
256,8,0,0,4,8,1,1,0,0,0,2,1,1,1,1,1,1,1,2,0,1
257,8,0,0,4,8,1,1,0,0,0,22,0,1,1,1,1,1,1,1,1,1
258,8,0,0,4,8,1,0,0,0,0,22,1,1,1,1,1,1,1,2,0,1
259,8,0,0,4,8,1,0,0,0,0,10,1,1,1,1,1,1,1,2,1,1
260,8,0,0,4,8,1,1,0,0,0,24,1,1,1,1,1,1,1,1,1,1
261,8,0,0,4,8,1,1,0,0,0,22,1,1,1,1,1,1,1,1,0,1
262,8,0,0,4,8,1,1,0,0,0,22,1,1,1,1,1,1,1,2,1,1
263,8,0,0,4,8,1,1,0,0,0,24,1,1,1,1,1,1,1,2,1,0
264,8,0,0,4,8,1,1,0,0,0,10,1,1,1,1,1,1,1,1,1,0
265,8,0,0,4,8,1,0,0,0,0,10,1,1,1,1,1,1,1,1,0,1
266,8,0,0,4,8,1,1,0,0,0,10,0,1,1,1,1,1,1,1,0,0
267,8,0,0,4,8,1,1,0,0,0,24,0,1,1,1,1,1,1,1,0,1
268,8,0,0,4,8,1,1,0,0,0,6,0,1,1,1,1,1,1,1,1,1
269,8,0,0,4,8,1,1,0,0,0,24,0,1,1,1,1,1,1,1,0,0
270,8,0,0,4,8,1,1,0,0,0,22,1,1,1,1,1,1,1,2,0,0
271,8,0,0,4,8,1,1,0,0,0,22,1,1,0,1,0,1,1,1,0,0
272,8,0,0,4,8,1,1,0,0,0,10,1,1,0,1,0,1,1,1,1,1
273,8,0,0,4,8,1,1,0,0,0,22,1,1,0,1,0,1,1,1,1,0
274,8,0,0,4,8,1,1,0,0,0,22,1,1,1,1,1,1,1,2,1,1
275,8,0,0,4,8,1,0,0,0,0,6,1,1,1,1,1,1,1,2,1,1
276,8,0,0,4,8,1,0,0,0,0,12,1,1,1,1,1,1,1,1,0,1
277,8,0,0,4,8,1,1,0,0,0,34,1,1,1,1,1,1,1,2,1,1
278,8,0,0,4,8,1,0,0,0,0,14,1,1,1,1,1,1,1,2,0,1
279,8,0,0,4,8,1,1,0,0,0,22,1,1,1,1,1,1,1,1,0,0
280,8,0,0,4,8,1,0,0,0,0,2,1,1,1,1,1,1,1,1,1,1
281,8,0,0,4,8,1,1,0,0,0,6,1,1,1,1,1,1,1,2,1,1
282,8,0,0,4,8,1,1,0,0,0,6,1,1,1,1,1,1,1,2,0,1
283,8,0,0,4,8,1,1,0,0,0,6,1,1,1,1,1,1,1,1,0,1
284,8,0,0,4,8,1,1,0,0,0,22,1,1,1,1,1,1,1,1,1,0
285,8,0,0,4,8,1,1,0,0,0,19,1,1,1,1,1,1,1,2,0,0
286,8,0,0,4,8,1,1,0,0,0,34,1,1,1,1,1,1,1,1,1,1
287,8,0,0,4,8,1,1,0,0,0,43,1,1,1,1,1,1,1,1,0,0
288,8,0,0,4,8,1,1,0,0,0,27,1,1,1,1,1,1,1,2,0,1
289,8,0,0,4,8,1,0,0,0,0,7,0,1,1,1,1,1,1,0,0,0
290,8,0,0,4,8,1,0,0,0,0,6,0,1,1,1,1,1,1,1,1,0
291,8,0,0,4,8,1,0,0,0,0,14,1,1,1,1,1,1,1,2,1,1
292,8,0,0,4,8,1,1,0,0,0,12,1,1,1,1,1,1,1,1,0,0
293,8,0,0,4,8,1,1,0,0,0,30,1,1,1,1,1,1,1,2,1,1
294,8,0,0,4,8,1,1,0,0,0,34,1,1,1,1,1,1,1,2,1,1
295,8,0,0,4,8,1,1,0,0,0,10,1,1,1,1,1,1,1,2,1,1
296,8,0,0,4,8,1,1,0,0,0,10,1,1,1,1,1,1,1,1,0,1
297,8,0,0,4,8,1,1,0,0,0,6,1,1,1,1,1,1,1,2,1,1
298,8,0,0,4,8,1,0,0,0,0,6,1,1,1,1,1,1,1,2,1,0
299,8,0,0,4,8,1,1,0,0,0,6,1,1,1,1,1,1,1,1,1,1
300,8,0,0,4,8,1,1,0,0,0,10,1,1,1,1,1,1,1,2,1,1
301,8,0,0,4,8,1,1,0,0,0,34,1,1,1,0,1,1,1,1,1,0
302,8,0,0,4,8,1,1,0,0,0,6,1,1,1,0,1,1,1,1,0,1
303,8,0,0,4,8,1,1,0,0,0,6,1,1,1,1,1,1,1,2,1,1
304,8,0,0,4,8,1,0,0,0,0,6,1,1,1,1,1,1,1,1,1,1
305,8,0,0,4,8,1,0,0,0,0,32,1,1,1,1,1,1,1,1,1,1
306,8,0,0,4,8,1,1,0,0,0,32,1,1,1,1,1,1,1,1,0,0
307,8,0,0,4,8,1,1,0,0,0,22,1,1,1,1,1,1,1,1,0,1
308,8,0,0,4,8,1,1,0,0,0,12,1,1,1,1,1,1,1,1,1,0
309,8,0,0,4,8,1,1,0,0,0,34,1,1,1,1,1,1,1,2,1,1
310,8,0,0,4,8,1,0,0,0,0,14,1,1,1,1,1,1,1,1,1,1
311,8,0,0,4,8,1,1,0,0,0,10,1,1,1,1,1,1,1,1,0,1
312,8,0,0,4,8,1,1,0,0,0,6,1,1,1,1,1,1,1,2,1,1
313,8,0,0,4,8,1,1,0,0,0,6,1,1,1,1,1,1,0,1,0,1
314,8,0,0,4,8,1,1,0,0,0,6,1,1,1,1,1,1,1,2,1,1
315,8,0,0,4,8,1,1,0,0,0,6,1,1,1,1,1,1,1,2,1,1
316,8,0,0,4,8,1,1,0,0,0,6,1,1,1,1,1,1,1,1,0,0
317,8,0,0,4,8,1,0,0,0,0,6,1,1,1,1,1,1,1,1,1,1
318,8,0,0,4,8,1,0,0,0,0,24,1,1,1,1,1,1,1,2,1,1
319,8,0,0,4,8,1,1,0,0,0,22,1,1,1,1,1,1,1,1,0,0
320,8,0,0,4,8,1,0,0,0,0,22,1,1,1,1,1,1,1,2,1,1
321,8,0,0,4,8,1,1,0,0,0,22,1,1,1,1,1,1,1,2,1,0
322,8,0,0,4,8,1,0,0,0,0,6,1,1,1,1,1,1,1,2,1,0
323,8,0,0,4,8,1,1,0,0,0,2,1,1,1,1,1,1,1,1,1,1
324,8,0,0,4,8,1,1,0,0,0,10,1,1,1,1,1,1,1,1,0,1
325,8,0,1,4,18,1,1,1,1,1,10,1,1,1,1,1,1,1,2,0,1
326,8,0,1,4,18,1,1,1,1,1,22,1,1,1,1,1,1,1,2,0,0
327,8,0,1,4,18,1,0,1,1,1,10,1,1,1,1,1,1,1,2,1,0
328,8,0,1,4,18,1,1,1,1,1,10,1,1,1,1,1,1,1,1,1,0
329,8,0,1,4,18,1,1,1,1,1,10,0,1,1,1,1,1,1,0,0,1
330,8,0,1,4,18,1,0,1,1,1,10,1,1,1,1,1,1,1,2,1,0
331,8,0,1,4,18,1,1,1,1,1,10,1,1,1,1,1,1,1,2,1,1
332,8,0,1,4,18,1,1,1,1,1,12,1,1,1,1,1,1,1,1,0,0
333,8,0,1,4,18,1,1,1,1,1,10,1,1,1,1,1,1,1,1,0,0
334,8,0,1,4,18,1,1,1,1,1,10,1,1,1,1,1,1,1,1,1,1
335,8,0,1,4,18,1,1,1,1,1,10,1,1,1,1,1,1,1,2,1,1
336,8,0,1,4,18,1,0,1,1,1,10,1,1,1,1,1,1,1,1,0,0
337,8,0,1,4,18,1,1,1,1,1,10,1,1,1,0,1,1,1,1,1,1
338,8,0,1,4,18,1,1,1,1,1,10,1,1,1,1,1,1,1,2,1,0
339,8,0,1,4,18,1,0,1,1,1,10,1,1,1,1,1,1,1,1,1,0
340,8,0,1,4,18,1,0,1,1,1,10,1,1,1,1,1,1,1,1,0,0
341,8,0,1,4,18,1,1,1,1,1,10,1,1,1,1,1,1,1,1,0,0
342,8,0,1,4,18,1,1,1,1,1,22,1,1,1,1,1,1,1,2,1,1
343,8,0,1,4,18,1,1,1,1,1,22,1,1,1,1,1,1,1,1,1,0
344,8,0,1,4,18,1,1,1,1,1,6,0,1,1,1,1,1,1,0,0,1
345,8,0,1,4,18,1,1,1,1,1,10,0,1,1,1,1,1,1,0,0,1
346,8,0,1,4,18,1,1,1,1,1,10,0,1,1,1,1,1,1,1,0,1
347,8,0,1,4,18,1,1,1,1,1,22,1,1,1,1,1,1,1,2,1,1
348,8,0,1,4,18,1,0,1,1,1,10,0,1,1,1,1,1,1,0,0,0
349,8,0,1,4,18,1,1,1,1,1,10,1,1,1,1,0,1,1,1,1,1
350,8,0,1,4,18,1,0,1,1,1,10,1,1,1,1,0,1,1,1,0,0
351,5,3,5,2,16,0,1,5,1,5,22,1,1,1,1,1,1,1,2,1,0
352,5,3,5,2,67,1,1,5,1,5,43,1,1,1,1,1,0,1,1,0,0
353,5,3,5,2,67,0,1,5,1,5,22,1,1,1,1,1,1,1,2,1,0
354,5,3,5,2,68,0,1,5,1,5,43,1,1,1,1,1,1,1,2,1,0
355,5,3,5,2,68,0,0,5,1,5,22,1,1,1,1,1,1,1,1,1,1
356,5,3,5,2,68,0,0,5,1,5,10,1,1,1,1,1,1,1,2,1,1
357,5,3,5,2,68,0,1,5,1,5,11,1,1,1,1,1,1,1,1,0,0
358,5,3,5,2,68,0,1,5,1,5,22,0,1,1,1,1,1,1,0,0,0
359,5,3,5,2,68,0,1,5,1,5,22,1,1,1,1,1,1,1,2,1,0
360,5,3,5,2,23,0,1,5,1,5,22,1,1,1,1,1,1,1,2,1,0
361,5,3,5,2,23,0,1,5,1,5,22,1,1,1,1,1,1,1,2,1,0
362,5,3,5,2,23,0,1,5,1,5,11,1,1,1,1,1,1,1,1,1,0
363,5,3,5,2,16,0,1,5,1,5,4,1,1,0,1,1,1,1,1,1,0
364,5,3,5,2,54,0,1,5,1,5,44,0,1,0,1,1,1,1,0,0,0
365,5,3,5,2,59,0,1,5,1,5,22,0,1,0,1,1,1,1,1,1,0
366,5,3,5,2,59,0,1,5,1,5,22,0,1,0,1,1,1,1,1,0,0
367,5,3,5,2,87,0,0,5,1,5,22,1,1,1,0,1,1,1,1,0,1
368,5,3,5,2,15,0,1,5,1,5,22,1,1,1,0,1,1,1,1,0,0
369,5,3,0,4,69,0,1,0,1,5,22,1,1,1,1,1,1,1,2,1,0
370,5,3,0,4,69,0,1,0,6,5,43,1,1,1,1,1,1,1,2,1,0
371,5,3,5,4,69,0,1,5,6,5,22,1,1,0,1,1,1,0,1,1,0
372,5,3,0,4,69,0,0,0,6,5,1,1,1,1,1,1,1,1,2,1,1
373,5,3,5,4,69,0,0,5,6,5,1,1,1,1,1,1,1,1,2,1,1
374,5,3,5,4,69,0,1,5,6,5,22,1,1,1,1,1,1,1,2,1,0
375,5,3,5,4,10,0,1,5,6,5,22,1,1,1,1,0,1,1,1,1,1
376,5,3,5,4,10,0,1,5,6,5,43,1,1,0,1,0,1,1,1,0,0
377,5,3,5,4,10,0,1,5,6,5,43,1,1,1,1,1,1,1,2,1,0
378,5,3,5,4,10,0,1,5,6,5,22,1,1,1,1,1,1,1,1,1,1
379,5,3,5,4,10,0,1,5,6,5,22,1,1,1,1,1,1,1,2,1,1
380,5,3,5,4,10,0,0,5,6,5,22,1,1,1,1,1,1,1,2,1,1
381,5,3,5,4,10,0,1,5,6,5,22,1,1,1,1,1,1,1,2,1,0
382,5,3,5,4,10,0,1,5,6,5,22,1,1,1,1,1,1,1,1,0,0
383,5,3,5,4,10,0,1,5,6,5,22,1,1,1,1,1,1,1,1,1,0
384,5,3,1,4,11,0,1,1,6,5,25,1,1,1,1,1,1,1,2,1,1
385,5,3,0,4,11,0,1,0,6,5,42,1,0,1,1,1,1,0,1,0,1
386,5,3,5,4,10,0,1,5,6,5,22,1,0,1,1,1,1,0,1,1,0
387,5,3,5,4,10,0,0,5,6,5,42,1,1,1,0,1,1,1,1,1,1
388,5,3,5,4,10,0,1,5,6,5,42,1,1,1,1,1,1,1,2,0,0
389,5,3,5,4,10,0,1,5,6,5,22,1,1,1,1,1,1,1,2,1,1
390,5,3,5,4,11,0,1,5,6,5,42,1,1,1,1,1,1,1,1,0,0
391,6,3,1,2,79,0,1,1,1,1,10,1,1,1,1,1,1,1,2,1,0
392,6,3,1,2,79,0,1,1,1,1,10,0,0,1,1,0,0,0,0,0,0
393,6,3,1,2,85,0,1,1,1,1,10,1,1,1,1,1,1,1,2,1,1
394,6,3,1,2,79,0,1,1,1,1,13,1,1,1,1,1,1,1,2,1,0
395,6,3,1,2,85,0,1,1,1,1,38,1,1,1,1,1,1,1,2,1,0
396,6,3,1,2,85,0,1,1,1,1,10,1,1,1,1,1,1,1,2,1,1
397,6,3,1,2,79,0,1,1,1,1,10,1,1,1,1,1,1,1,2,1,0
398,6,3,1,2,79,0,1,1,1,1,41,1,1,1,1,1,1,1,2,1,0
399,6,3,1,2,79,0,1,1,1,1,10,0,0,1,0,1,0,0,0,0,0
400,6,3,1,2,79,0,1,1,1,1,10,1,1,1,1,1,1,1,2,1,0
401,6,3,1,2,79,0,1,1,1,1,13,1,1,1,1,1,1,1,2,1,0
402,6,3,1,2,85,0,1,1,1,1,10,1,1,1,1,1,1,1,2,1,0
403,6,3,1,2,79,0,1,1,1,1,10,1,1,1,1,1,1,1,2,0,1
404,6,3,1,2,85,0,1,1,1,1,10,1,1,1,1,1,1,1,2,0,0
405,6,3,1,2,85,0,1,1,1,1,35,0,0,1,1,1,1,1,0,0,0
406,6,3,1,2,85,0,1,1,1,1,10,0,0,1,1,1,1,1,0,0,0
407,6,3,1,2,85,0,0,1,1,1,10,0,1,1,1,1,1,1,0,0,1
408,6,3,1,2,79,0,1,1,1,1,38,0,1,1,1,1,1,1,0,0,0
409,6,3,1,2,79,0,0,1,1,1,13,1,1,1,1,1,1,1,2,1,1
410,6,3,1,2,84,0,1,1,1,1,10,1,1,1,1,1,1,1,2,1,0
411,6,3,1,2,79,0,1,1,1,1,10,0,1,1,1,1,1,1,0,0,0
412,6,3,1,2,86,0,1,1,1,1,10,0,1,1,1,1,1,1,0,0,1
413,6,3,1,2,79,0,1,1,1,1,10,1,1,1,1,1,1,1,2,1,1
414,6,3,1,2,79,0,1,1,1,1,10,0,1,1,1,1,1,1,0,0,1
415,6,3,1,2,79,0,1,1,1,1,10,0,1,1,1,1,1,1,0,0,0
416,8,0,1,4,80,0,1,1,1,1,10,0,1,1,1,1,1,1,1,0,1
417,8,0,1,4,83,0,1,1,1,1,10,0,1,1,1,1,1,1,1,1,1
418,8,0,1,4,80,0,1,1,1,1,10,0,1,1,1,1,1,1,1,0,1
419,8,0,1,4,80,0,1,1,1,1,41,0,1,1,1,1,1,1,0,0,0
420,8,0,1,4,83,0,1,1,1,1,33,1,1,1,1,0,1,1,1,1,1
421,8,0,1,4,80,0,1,1,1,1,10,1,1,1,1,1,1,1,2,1,1
422,8,0,1,4,80,0,1,1,1,1,10,1,1,1,1,1,1,1,2,0,1
423,8,0,1,4,80,0,1,1,1,1,10,1,1,1,1,1,1,1,2,1,1
424,8,0,1,4,80,0,0,1,1,1,10,1,1,1,1,1,1,1,1,1,0
425,8,0,1,4,80,0,1,1,1,1,10,1,1,1,1,1,1,1,2,1,0
426,8,0,1,4,80,0,0,1,1,1,1,1,1,1,1,1,1,1,2,1,1
427,8,0,1,4,80,0,1,1,1,1,10,1,1,1,1,1,1,1,1,1,0
428,8,0,1,4,80,0,0,1,1,1,33,1,1,1,1,1,1,1,2,1,1
429,8,0,1,4,83,0,1,1,1,1,10,1,1,1,1,1,1,1,2,1,1
430,8,0,1,4,80,0,0,1,1,1,24,1,1,1,1,1,1,1,2,1,0
431,8,0,1,4,80,0,0,1,1,1,10,1,1,1,1,1,1,1,2,0,0
432,8,0,1,4,78,0,1,1,1,1,24,1,1,1,1,1,1,1,2,0,1
433,8,0,1,4,78,0,1,1,1,1,22,1,1,1,1,1,1,0,1,0,1
434,8,0,1,4,78,0,0,1,1,1,10,1,1,1,1,1,1,1,2,1,0
435,8,0,1,4,78,0,1,1,1,1,10,1,1,1,1,1,1,1,2,0,1
436,8,0,1,4,78,0,1,1,1,1,10,1,1,0,1,1,1,1,1,1,1
437,6,3,0,4,88,0,1,0,1,1,10,1,1,0,1,1,1,1,1,0,0
438,6,3,0,4,88,0,1,0,1,1,10,1,1,1,1,1,1,1,2,1,0
439,6,3,0,4,88,0,1,0,1,1,34,0,1,1,1,1,1,1,1,0,0
440,6,3,0,4,88,0,1,0,1,1,14,1,1,1,1,1,1,1,2,1,0
441,6,3,0,4,88,0,1,0,1,1,14,1,1,1,1,1,1,1,2,1,0
442,6,3,0,4,88,0,1,0,1,1,27,1,1,1,1,1,1,1,1,0,0
443,6,3,0,4,88,0,1,0,1,1,10,1,1,1,1,1,1,1,2,1,0
444,6,3,0,4,64,0,1,0,1,1,22,1,1,1,1,1,1,1,1,1,1
445,6,3,0,2,69,0,1,0,1,1,10,1,1,1,1,1,1,1,1,0,0
446,6,3,0,2,69,0,1,0,1,1,10,1,1,1,1,1,1,1,1,1,0
447,6,3,5,2,69,0,1,5,1,1,10,1,1,1,1,1,1,1,1,1,1
448,6,3,0,4,69,0,0,0,1,1,34,1,1,1,1,1,1,1,2,1,1
449,6,3,5,4,69,0,0,5,1,1,1,1,1,1,1,1,1,1,2,1,1
450,6,3,5,4,69,0,1,5,1,1,10,1,1,1,1,1,1,1,2,0,1
451,8,0,0,4,21,1,1,0,0,0,22,1,1,1,1,1,1,1,2,0,0
452,8,0,0,4,21,1,1,0,0,0,24,1,1,1,1,1,1,1,2,0,1
453,8,0,0,4,21,1,1,0,0,0,2,1,1,1,1,1,1,1,2,1,1
454,8,0,0,4,21,1,1,0,0,0,14,1,1,1,1,1,1,1,1,1,1
455,8,0,0,4,21,1,1,0,0,0,34,1,1,1,1,1,1,1,1,0,1
456,8,0,0,4,21,1,1,0,0,0,10,1,1,1,1,1,1,1,1,0,1
457,8,0,0,4,21,1,1,0,0,0,34,1,1,1,1,1,1,1,2,1,1
458,8,0,0,4,21,1,1,0,0,0,22,1,1,1,1,1,1,1,1,1,1
459,8,0,0,4,21,1,1,0,0,0,14,1,1,1,1,1,1,1,2,1,1
460,8,0,0,4,21,1,1,0,0,0,34,1,1,1,1,1,1,1,2,1,1
461,8,0,0,4,21,1,1,0,0,0,2,1,1,1,1,1,1,1,2,1,1
462,8,0,0,4,21,1,1,0,0,0,2,1,1,1,1,1,1,1,2,1,1
463,8,0,0,4,21,1,1,0,0,0,22,1,1,1,1,1,1,1,2,1,1
464,8,0,0,4,21,1,1,0,0,0,14,1,1,1,1,1,1,1,1,0,1
465,8,0,0,4,21,1,1,0,0,0,22,1,1,1,1,1,1,1,2,0,1
466,8,0,0,4,21,1,1,0,0,0,14,1,1,1,1,1,1,1,2,0,1
467,8,0,0,4,21,1,0,0,0,0,22,1,1,1,1,1,1,1,1,1,1
468,1,2,4,4,38,0,1,4,3,3,19,1,1,1,1,1,1,1,2,1,1
469,1,2,4,4,38,0,1,4,3,3,19,1,1,1,1,1,1,1,2,1,1
470,8,0,1,4,62,2,1,1,1,1,10,1,1,1,1,1,1,1,1,1,1
471,8,0,1,4,62,2,1,1,1,1,10,1,1,1,1,1,1,1,2,0,1
472,8,0,1,4,62,2,1,1,1,1,10,1,1,1,1,1,1,1,2,0,0
473,8,0,1,4,62,2,1,1,1,1,10,1,1,1,1,1,1,1,1,0,1
474,8,0,1,4,62,2,1,1,1,1,41,1,1,1,1,1,1,1,1,0,0
475,8,0,1,4,62,2,1,1,1,1,10,1,1,1,1,1,1,1,1,1,0
476,8,0,1,4,62,2,1,1,1,1,33,1,1,1,1,1,1,1,2,1,1
477,8,0,1,4,62,2,0,1,1,1,10,1,1,1,1,1,1,1,1,0,0
478,8,0,1,4,62,2,1,1,1,1,41,1,1,1,1,1,1,1,1,1,1
479,8,0,1,4,62,2,1,1,1,1,41,1,1,1,1,1,1,1,2,1,1
480,8,0,1,4,62,2,1,1,1,1,22,0,1,1,1,1,1,1,0,0,1
481,8,0,1,4,62,2,1,1,1,1,29,1,1,1,1,1,1,1,2,1,1
482,8,0,1,4,62,2,1,1,1,1,29,0,1,1,1,1,1,1,0,0,0
483,8,0,1,4,62,2,1,1,1,1,11,1,0,1,1,1,1,1,1,0,1
484,8,0,1,4,62,2,1,1,1,1,11,1,0,1,1,1,1,1,1,1,1
485,8,0,1,4,62,2,0,1,1,1,10,1,1,1,1,1,1,1,2,1,0
486,8,0,1,4,62,2,1,1,1,1,10,1,1,1,1,1,1,1,1,0,1
487,8,0,1,4,62,2,0,1,1,1,10,1,1,1,1,1,1,1,1,0,0
488,8,0,1,4,62,2,1,1,1,1,10,1,1,1,1,1,1,1,2,1,1
489,8,0,1,4,62,2,0,1,1,1,10,1,1,1,1,1,1,1,2,1,0
490,8,0,1,4,62,2,1,1,1,1,33,1,1,1,1,1,1,1,2,1,1
491,8,0,1,4,62,2,1,1,1,1,10,1,1,1,1,1,1,1,1,1,1
492,8,0,1,4,62,2,1,1,1,1,33,1,1,1,1,1,1,1,1,0,1
493,8,0,1,4,62,2,1,1,1,1,10,1,1,1,1,1,1,1,1,1,1
494,8,0,1,4,62,2,0,1,1,1,12,0,1,1,1,1,1,1,0,0,0
495,1,2,4,4,48,0,0,4,3,3,19,0,1,1,1,1,1,1,1,1,1
496,1,2,4,4,48,0,0,4,3,3,0,1,1,1,1,1,1,0,1,0,1
497,1,2,3,4,48,0,1,3,3,3,2,1,1,1,1,1,1,1,2,1,0
498,8,0,1,4,12,0,1,1,1,1,10,1,1,1,1,1,1,0,1,1,1
499,8,0,1,4,12,0,1,1,1,1,10,1,1,1,1,1,1,0,1,0,1
500,8,0,1,4,12,0,1,1,1,1,10,1,1,1,1,1,1,1,2,1,1
501,8,0,1,4,12,0,1,1,1,1,22,1,1,1,1,1,1,1,1,0,0
502,8,0,1,4,12,0,1,1,1,1,34,0,1,1,1,1,1,1,0,0,0
503,8,0,1,4,12,0,1,1,1,1,10,0,1,1,1,1,1,1,1,1,1
504,8,0,1,4,12,0,1,1,1,1,10,1,1,1,1,1,1,1,2,1,1
505,6,3,0,2,81,1,1,0,1,0,6,0,1,1,1,1,1,1,0,0,1
506,6,3,0,4,81,1,1,0,1,0,22,1,1,1,1,1,1,1,2,1,1
507,6,3,0,2,17,1,1,0,1,0,22,1,1,1,1,1,1,1,1,0,1
508,6,3,0,2,17,1,1,0,1,0,22,1,1,1,1,1,1,1,2,1,0
509,6,3,0,2,17,1,1,0,1,0,10,1,1,1,1,1,1,1,2,1,0
510,6,3,0,2,66,1,1,0,1,0,6,1,1,1,1,1,1,1,2,1,0
511,6,3,0,2,66,1,1,0,1,0,27,1,1,1,1,1,1,1,2,1,0
512,6,3,0,2,66,1,1,0,1,0,22,1,1,1,1,1,1,1,1,1,1
513,6,3,0,2,66,1,1,0,1,0,14,1,1,1,1,1,1,1,1,1,1
514,6,3,0,2,66,1,1,0,1,0,14,1,1,1,1,1,1,1,2,1,0
515,6,3,0,2,66,1,1,0,1,0,22,1,1,1,1,1,1,1,2,1,0
516,6,3,0,2,66,1,1,0,1,0,34,1,1,1,1,1,1,1,1,1,1
517,6,3,0,2,66,1,1,0,1,0,43,1,1,1,1,1,1,1,1,0,1
518,6,3,0,2,66,1,1,0,1,0,24,0,1,1,1,1,1,1,0,0,0
519,6,3,0,2,26,1,1,0,1,0,8,0,1,1,1,1,1,1,1,0,0
520,6,3,0,2,26,1,1,0,1,0,18,0,1,1,1,1,1,1,1,1,0
521,6,3,0,2,26,1,1,0,1,0,5,0,1,1,1,1,1,1,1,0,0
522,6,3,0,2,26,1,1,0,1,0,22,0,1,1,1,1,1,1,1,1,1
523,6,3,0,2,26,1,1,0,1,0,22,1,1,1,1,1,1,1,2,1,1
524,6,3,0,2,26,1,1,0,1,0,10,1,1,1,1,1,1,1,2,0,1
525,2,3,1,2,7,0,1,1,1,1,10,1,1,1,1,1,1,1,2,1,1
526,2,3,1,2,7,0,0,1,1,1,10,1,1,1,1,1,1,1,2,1,0
527,2,3,1,2,7,0,0,1,1,1,10,1,1,1,1,1,1,1,2,1,0
528,2,3,1,2,7,0,1,1,1,1,10,1,1,1,1,1,1,1,1,1,1
529,2,3,1,2,7,0,1,1,1,1,10,1,1,1,1,1,1,1,2,1,0
530,2,3,1,2,7,0,0,1,1,1,10,1,1,1,1,1,1,1,1,0,0
531,2,3,1,2,7,0,1,1,1,1,10,0,1,1,1,1,1,1,0,0,1
532,2,3,1,2,7,0,1,1,1,1,21,1,1,1,1,1,1,1,2,1,0
533,2,3,1,2,7,0,1,1,1,1,38,1,1,1,1,1,1,1,1,0,1
534,2,3,1,2,7,0,1,1,1,1,21,1,1,1,1,1,1,1,1,1,1
535,2,3,1,2,7,0,1,1,1,1,29,1,1,1,1,1,1,1,1,0,1
536,2,3,1,2,7,0,1,1,1,1,38,0,1,1,1,1,1,1,0,0,0
537,2,3,1,2,7,0,1,1,1,1,40,1,1,1,1,1,1,1,2,1,0
538,2,3,1,2,7,0,0,1,1,1,13,1,1,1,1,1,1,1,1,1,0
539,2,3,1,2,7,0,1,1,1,1,10,1,1,1,1,1,1,1,1,1,1
540,8,0,1,4,9,1,1,1,1,1,10,1,1,1,1,1,1,1,2,0,1
541,8,0,1,4,9,1,1,1,1,1,10,1,1,1,1,1,1,1,2,1,0
542,8,0,1,4,9,1,1,1,1,1,11,1,1,1,1,1,1,1,2,1,0
543,8,0,1,4,9,1,0,1,1,1,37,1,1,1,1,1,1,1,2,1,1
544,8,0,1,4,9,1,1,1,1,1,10,1,1,1,1,1,1,1,2,0,1
545,8,0,1,4,9,1,1,1,1,1,10,1,1,1,1,1,1,1,2,1,1
546,8,0,1,4,9,1,1,1,1,1,10,1,1,1,1,1,1,1,2,1,1
547,8,0,1,4,9,1,0,1,1,1,10,1,1,1,1,1,1,1,2,1,0
548,8,0,1,4,9,1,1,1,1,1,22,1,1,1,1,1,1,1,2,0,0
549,8,0,1,4,9,1,1,1,1,1,10,1,1,1,1,1,1,1,2,1,0
550,8,0,1,4,9,1,1,1,1,1,10,1,1,1,1,1,1,1,2,1,1
551,8,0,1,4,9,1,0,1,1,1,10,1,1,1,1,1,1,1,2,0,0
552,8,0,1,4,9,1,1,1,1,1,10,1,1,1,1,1,1,1,2,0,1
553,8,0,1,4,9,1,1,1,1,1,10,1,1,1,1,1,1,1,2,1,1
554,8,0,1,4,9,1,1,1,1,1,10,1,1,1,1,1,1,1,2,1,1
555,8,0,1,4,9,1,1,1,1,1,10,1,1,1,1,1,1,1,2,1,1
556,8,0,1,4,9,1,1,1,1,1,22,1,1,1,1,1,1,1,2,1,0
557,8,0,1,4,9,1,1,1,1,1,10,1,1,1,1,1,1,1,2,1,0
558,8,0,1,4,9,1,1,1,1,1,10,1,1,1,1,1,1,1,2,0,1
559,8,0,1,4,9,1,1,1,1,1,10,1,1,1,1,1,1,1,2,0,0
560,8,0,1,4,9,1,0,1,1,1,22,1,1,1,1,1,1,1,2,1,1
561,8,0,1,4,9,1,0,1,1,1,39,1,1,1,1,1,1,1,2,1,1
562,8,0,1,4,9,1,1,1,1,1,38,1,1,1,1,1,1,1,2,0,1
563,8,0,1,4,9,1,0,1,1,1,10,1,1,1,1,1,1,1,2,0,0
564,8,0,1,4,9,1,0,1,1,1,10,1,1,1,1,1,1,1,2,1,0
565,8,0,1,4,9,1,1,1,1,1,10,1,1,1,1,1,1,1,2,1,1
566,8,0,1,4,9,1,1,1,1,1,10,1,1,1,1,1,1,1,2,1,1
567,8,0,1,4,9,1,1,1,1,1,22,1,1,1,1,1,1,1,2,0,0
568,8,0,1,4,9,1,1,1,1,1,29,1,1,1,1,1,1,1,2,1,0
569,8,0,1,4,9,1,0,1,1,1,10,1,1,1,1,1,1,1,2,1,0
570,8,0,1,4,9,1,1,1,1,1,10,0,1,1,1,1,1,1,0,0,1
571,8,0,1,4,9,1,1,1,1,1,10,0,1,1,1,1,1,1,1,1,0
572,8,0,1,4,9,1,0,1,1,1,10,0,1,1,1,1,1,1,1,0,0
573,8,0,1,4,9,1,0,1,1,1,10,0,1,1,1,1,1,1,1,1,0
574,8,0,1,4,9,1,1,1,1,1,10,0,1,1,1,1,1,1,1,0,1
575,8,0,1,4,9,1,1,1,1,1,10,1,1,1,1,1,1,1,2,1,1
576,8,0,1,4,9,1,0,1,1,1,10,0,1,1,1,1,1,1,0,0,0
577,8,0,1,4,9,1,1,1,1,1,10,0,1,1,1,1,1,1,1,0,0
578,8,0,1,4,9,1,0,1,1,1,10,1,1,1,1,1,1,1,2,1,0
579,8,0,1,4,9,1,1,1,1,1,10,1,1,1,1,1,1,1,2,1,1
580,8,0,1,4,9,1,1,1,1,1,10,1,1,1,1,1,1,1,1,1,1
581,8,0,1,4,9,1,0,1,1,1,10,1,1,1,1,1,1,1,1,0,0
582,8,0,1,4,9,1,0,1,1,1,10,1,1,1,1,1,1,1,2,1,1
583,4,1,1,4,37,0,1,1,1,1,10,1,1,1,1,1,1,1,2,1,0
584,4,1,1,4,37,0,1,1,1,1,41,0,1,1,1,1,1,1,0,0,1
585,4,1,1,4,37,0,1,1,1,1,22,1,1,0,0,1,1,1,1,1,0
586,4,1,1,4,37,0,1,1,1,1,17,1,1,0,0,1,1,1,1,1,0
587,4,1,1,4,37,0,1,1,1,1,22,1,1,0,0,1,1,1,1,0,0
588,4,1,1,4,37,0,0,1,1,1,10,1,1,1,0,1,1,0,1,0,0
589,4,1,1,4,37,0,0,1,1,1,10,1,1,1,1,1,1,1,2,1,0
590,4,1,1,4,37,0,0,1,1,1,10,1,1,1,1,1,1,1,2,1,0
591,4,1,1,4,37,0,0,1,1,1,10,1,1,1,1,1,1,1,2,1,0
592,4,1,1,4,37,0,1,1,1,1,22,0,1,1,1,1,1,1,0,0,1
593,4,1,1,4,37,0,0,1,1,1,22,1,1,1,1,1,1,1,2,1,1
594,4,1,1,4,37,0,1,1,1,1,10,1,1,1,0,1,1,1,1,1,0
595,4,1,1,4,37,0,0,1,1,1,10,1,1,1,0,1,1,1,1,1,0
596,4,1,1,4,37,0,1,1,1,1,38,1,1,1,0,1,1,1,1,0,1
597,4,1,1,4,37,0,1,1,1,1,38,1,1,1,1,1,1,1,2,1,0
598,4,1,1,4,37,0,0,1,1,1,10,1,1,1,1,1,1,1,1,0,0
599,4,1,1,4,37,0,0,1,1,1,38,1,1,1,1,1,1,1,1,1,0
600,4,1,1,4,37,0,1,1,1,1,13,1,1,1,1,1,1,1,1,0,0
601,4,1,1,4,37,0,1,1,1,1,22,0,1,1,1,1,1,1,0,0,0
602,8,0,1,4,57,2,1,1,1,1,10,1,1,1,1,1,1,1,2,0,1
603,8,0,1,4,57,2,1,1,1,1,41,1,1,1,1,1,1,1,1,1,1
604,8,0,1,4,57,2,1,1,1,1,22,1,1,1,1,1,1,1,2,1,1
605,8,0,1,4,57,2,0,1,1,1,22,1,1,1,1,1,1,1,1,1,0
606,8,0,1,4,57,2,1,1,1,1,10,1,1,1,1,1,1,1,1,0,1
607,8,0,1,4,57,2,1,1,1,1,10,1,1,1,1,1,1,1,1,0,1
608,8,0,1,4,57,2,1,1,1,1,10,1,1,1,1,1,1,1,2,1,1
609,8,0,1,4,57,2,1,1,1,1,22,1,1,1,1,1,1,1,1,1,1
610,8,0,1,4,57,2,1,1,1,1,22,1,1,1,1,1,1,1,1,0,1
611,8,0,1,4,57,2,1,1,1,1,43,1,1,1,1,1,1,1,2,1,0
612,8,0,1,4,57,2,0,1,1,1,10,1,1,1,1,1,1,1,2,1,0
613,8,0,1,4,57,2,0,1,1,1,10,1,1,1,1,1,1,1,2,1,0
614,8,0,1,4,57,2,1,1,1,1,10,1,1,1,1,1,1,1,2,1,1
615,8,0,1,4,57,2,0,1,1,1,10,1,1,1,1,1,1,1,2,0,0
616,8,0,1,4,57,2,1,1,1,1,10,1,1,1,1,1,1,1,2,0,1
617,8,0,1,4,57,2,1,1,1,1,22,0,1,1,1,1,1,1,0,0,0
618,8,0,1,4,57,2,1,1,1,1,10,1,1,1,1,1,1,1,2,0,1
619,8,0,1,4,57,2,1,1,1,1,22,1,1,1,1,1,1,1,1,1,0
620,8,0,1,4,57,2,1,1,1,1,10,0,1,1,1,1,1,1,0,0,1
621,8,0,1,4,57,2,0,1,1,1,10,1,1,1,1,1,1,1,2,0,0
622,8,0,1,4,57,2,1,1,1,1,10,0,1,1,1,1,1,1,0,0,1
623,8,0,1,4,57,2,1,1,1,1,10,0,1,1,1,1,1,1,1,1,1
624,8,0,1,4,55,0,1,1,1,1,24,1,1,1,0,1,1,1,1,0,1
625,8,0,1,4,55,0,0,1,1,1,10,0,1,1,0,1,1,1,0,0,1
626,8,0,1,4,56,0,1,1,1,1,10,1,1,1,1,1,1,1,2,1,1
627,8,0,1,4,56,0,0,1,1,1,10,1,1,1,1,1,1,1,1,0,1
628,8,0,1,4,56,0,1,1,1,1,10,1,1,1,1,1,1,1,1,0,0
629,8,0,1,4,53,0,0,1,1,1,10,1,1,1,1,1,1,1,2,1,1
630,8,0,1,4,55,0,0,1,1,1,10,1,1,1,1,1,1,1,2,0,0
631,8,0,1,4,55,0,0,1,1,1,10,1,1,1,1,1,1,1,2,1,0
632,8,0,1,4,14,0,1,1,1,1,10,1,1,1,1,1,1,1,1,1,0
633,8,0,1,4,14,0,1,1,1,1,10,1,1,1,1,1,1,1,1,0,1
634,8,0,1,4,53,0,0,1,1,1,29,1,1,1,1,1,1,1,2,1,0
635,8,0,0,4,58,0,1,0,0,0,29,1,1,1,1,1,1,1,2,1,1
636,8,0,0,4,58,0,1,0,0,0,3,1,1,1,1,1,1,1,2,1,0
637,8,0,1,4,18,2,1,1,1,1,10,1,1,1,1,1,1,1,2,0,1
638,8,0,1,4,18,2,1,1,1,1,10,1,1,1,1,1,1,1,2,1,1
639,8,0,1,4,18,2,0,1,1,1,10,1,1,1,1,1,1,1,2,1,0
640,8,0,1,4,18,2,1,1,1,1,10,1,1,1,1,1,1,1,1,1,1
641,8,0,1,4,18,2,1,1,1,1,13,0,1,1,1,1,1,1,0,0,1
642,8,0,1,4,18,2,0,1,1,1,10,1,1,1,1,1,1,1,2,1,0
643,8,0,1,4,18,2,1,1,1,1,10,1,1,1,1,1,1,1,2,1,1
644,8,0,1,4,18,2,1,1,1,1,12,1,1,1,1,1,1,1,1,1,1
645,8,0,1,4,18,2,1,1,1,1,10,1,1,1,1,1,1,1,1,0,1
646,8,0,1,4,18,2,1,1,1,1,10,1,1,1,1,1,1,1,1,0,0
647,8,0,1,4,18,2,1,1,1,1,29,1,1,1,1,1,1,1,2,1,0
648,8,0,1,4,18,2,0,1,1,1,10,1,1,1,1,1,1,1,1,1,0
649,8,0,1,4,18,2,1,1,1,1,10,1,1,0,0,1,1,1,1,0,1
650,8,0,1,4,18,2,1,1,1,1,10,1,1,1,1,1,1,1,2,1,1
651,8,0,1,4,18,2,0,1,1,1,10,1,1,1,1,1,1,1,1,0,0
652,8,0,1,4,18,2,0,1,1,1,10,1,1,1,1,1,1,1,1,1,0
653,8,0,1,4,18,2,0,1,1,1,10,1,1,1,1,1,1,1,1,1,0
654,8,0,1,4,18,2,1,1,1,1,10,1,1,1,1,1,1,1,2,0,1
655,8,0,1,4,18,2,1,1,1,1,10,1,1,1,1,1,1,1,1,1,1
656,8,0,1,4,18,2,1,1,1,1,2,0,1,1,1,1,1,1,0,0,0
657,8,0,1,4,18,2,1,1,1,1,10,0,1,1,1,1,1,1,0,0,1
658,8,0,1,4,18,2,1,1,1,1,10,0,1,1,1,1,1,1,1,0,1
659,8,0,1,4,18,2,1,1,1,1,10,1,1,1,1,1,1,1,2,1,0
660,8,0,1,4,18,2,0,1,1,1,10,0,1,1,1,1,1,1,0,0,0
661,8,0,1,4,18,2,1,1,1,1,10,1,1,1,0,1,1,1,1,1,1
662,8,0,1,4,18,2,0,1,1,1,10,1,1,1,0,1,1,1,1,0,0
663,8,0,1,4,32,1,1,1,1,1,10,1,1,1,1,1,1,1,2,1,1
664,8,0,1,4,32,1,1,1,1,1,2,1,1,1,1,1,1,1,2,0,1
665,8,0,1,4,32,1,0,1,1,1,9,1,1,1,1,1,1,1,2,1,0
666,8,0,1,4,32,1,1,1,1,1,10,1,1,1,1,1,1,1,1,1,1
667,8,0,1,4,32,1,1,1,1,1,43,1,1,1,1,1,1,1,2,1,1
668,8,0,1,4,32,1,1,1,1,1,22,1,1,1,1,1,1,1,2,1,0
669,8,0,1,4,32,1,1,1,1,1,22,1,1,1,1,1,1,1,2,0,1
670,8,0,1,4,32,1,1,1,1,1,10,1,1,1,1,1,1,1,2,1,0
671,8,0,1,4,32,1,1,1,1,1,22,0,1,1,1,1,1,1,0,0,0
672,8,0,1,4,32,1,1,1,1,1,14,0,1,1,1,1,1,1,1,0,1
673,8,0,1,4,32,1,1,1,1,1,12,1,1,1,1,1,1,1,2,1,1
674,8,0,1,4,32,1,1,1,1,1,22,1,1,1,1,1,1,1,2,1,1
675,8,0,1,4,32,1,1,1,1,1,22,1,1,1,1,1,1,1,1,1,1
676,8,0,1,4,32,1,1,1,1,1,10,1,1,1,1,1,1,1,1,1,1
677,8,0,1,4,32,1,0,1,1,1,10,0,1,1,1,1,1,1,0,0,0
678,8,0,1,4,32,1,0,1,1,1,10,0,1,1,1,1,1,1,1,1,0
679,8,0,1,4,32,1,1,1,1,1,12,0,1,1,1,1,1,1,0,0,1
680,8,0,1,4,32,1,0,1,1,1,10,1,1,1,1,1,1,1,2,1,0
681,8,0,1,4,32,1,0,1,1,1,14,1,1,1,1,1,1,1,1,0,0
682,8,0,1,4,32,1,1,1,1,1,10,1,1,1,1,1,1,1,1,0,1
683,8,0,1,4,32,1,1,1,1,1,10,1,1,1,1,1,1,1,1,1,0
684,8,0,1,4,32,1,1,1,1,1,10,1,1,1,1,1,1,1,2,1,0
685,8,0,1,4,32,1,1,1,1,1,10,1,1,1,1,1,1,1,2,1,1
686,8,0,1,4,32,1,0,1,1,1,10,1,1,1,1,1,1,1,2,0,1
687,8,0,1,4,32,1,1,1,1,1,22,1,1,1,1,1,1,1,2,1,1
688,8,0,1,4,32,1,1,1,1,1,10,1,1,1,1,1,1,1,2,1,0
689,8,0,1,4,32,1,1,1,1,1,22,1,1,1,1,1,1,1,2,1,0
690,8,0,1,4,32,1,1,1,1,1,10,1,1,1,1,1,1,1,2,0,1
691,8,0,1,4,32,1,1,1,1,1,29,1,1,1,1,1,1,1,2,0,1
692,8,0,1,4,32,1,0,1,1,1,37,1,1,1,1,1,1,1,2,1,1
693,8,0,1,4,32,1,1,1,1,1,10,1,1,1,1,1,1,1,2,1,1
694,8,0,1,4,32,1,1,1,1,1,10,1,1,1,1,1,1,1,2,1,1
695,8,0,1,4,32,1,1,1,1,1,10,1,1,1,1,1,1,1,2,1,1
696,8,0,1,4,32,1,0,1,1,1,2,1,1,1,1,1,1,1,2,1,0
697,8,0,1,4,32,1,0,1,1,1,22,1,1,1,1,1,1,1,2,1,0
698,8,0,1,4,32,1,1,1,1,1,10,1,1,1,1,1,1,1,2,0,1
699,8,0,1,4,32,1,1,1,1,1,10,1,1,1,1,1,1,1,2,1,0
700,8,0,1,4,32,1,1,1,1,1,10,1,1,1,1,1,1,1,2,0,1
701,8,0,1,4,32,1,0,1,1,1,10,1,1,1,1,1,1,1,2,1,1
702,8,0,1,4,32,1,1,1,1,1,43,1,1,1,1,1,1,1,2,1,1
703,8,0,1,4,32,1,1,1,1,1,6,1,1,1,1,1,1,1,2,1,1
704,8,0,1,4,32,1,0,1,1,1,22,1,1,1,1,1,1,1,2,1,1
705,8,0,1,4,32,1,1,1,1,1,10,1,1,1,1,1,1,1,2,1,0
706,8,0,1,4,32,1,1,1,1,1,1,1,1,1,1,1,1,1,2,1,1
707,8,0,1,4,32,1,1,1,1,1,22,1,1,1,1,1,1,1,2,1,1
708,8,0,1,4,32,1,1,1,1,1,22,1,1,1,1,1,1,1,2,0,1
709,8,0,1,4,32,1,1,1,1,1,10,1,1,1,1,1,1,1,2,0,1
710,8,0,1,4,32,1,1,1,1,1,10,1,1,1,1,1,1,1,2,1,1
711,8,0,1,4,32,1,1,1,1,1,10,1,1,1,1,1,1,1,2,0,1
712,8,0,1,4,32,1,1,1,1,1,10,1,1,1,1,1,1,1,2,1,1
713,8,0,1,4,32,1,1,1,1,1,10,1,1,1,1,1,1,1,2,1,1
714,8,0,1,4,32,1,1,1,1,1,10,1,1,1,1,1,1,1,2,1,0
715,8,0,1,4,32,1,0,1,1,1,10,1,1,1,1,1,1,1,2,1,0
716,8,0,1,4,32,1,1,1,1,1,22,1,1,1,1,1,1,1,2,0,0
717,8,0,1,4,32,1,1,1,1,1,10,1,1,1,1,1,1,1,2,0,0
718,8,0,1,4,32,1,1,1,1,1,10,1,1,1,1,1,1,1,2,1,1
719,8,0,1,4,32,1,1,1,1,1,10,1,1,1,1,1,1,1,2,1,1
720,8,0,1,4,32,1,1,1,1,1,22,1,1,1,1,1,1,1,2,1,1
721,8,0,1,4,32,1,1,1,1,1,22,1,1,1,1,1,1,1,2,1,1
722,8,0,1,4,32,1,1,1,1,1,10,1,1,1,1,1,1,1,2,1,0
723,8,0,1,4,32,1,1,1,1,1,43,1,1,1,1,1,1,1,2,0,0
724,8,0,1,4,32,1,1,1,1,1,10,1,1,1,1,1,1,1,2,1,1
725,8,0,1,4,32,1,1,1,1,1,10,1,1,1,1,1,1,1,2,1,1
726,8,0,1,4,32,1,1,1,1,1,28,1,1,1,1,1,1,1,2,1,0
727,8,0,1,4,32,1,1,1,1,1,10,1,1,1,1,1,1,1,2,0,1
728,8,0,1,4,32,1,1,1,1,1,29,1,1,1,1,1,1,1,2,0,1
729,8,0,1,4,32,1,1,1,1,1,29,1,1,1,1,1,1,1,2,0,1
730,8,0,1,4,32,1,0,1,1,1,10,1,1,1,1,1,1,1,2,1,0
731,8,0,1,4,32,1,1,1,1,1,10,1,1,1,1,1,1,1,2,1,0
732,8,0,1,4,32,1,1,1,1,1,22,1,1,1,1,1,1,1,2,1,0
733,8,0,1,4,32,1,1,1,1,1,10,1,1,1,1,1,1,1,2,1,0
734,8,0,1,4,32,1,1,1,1,1,10,1,1,1,1,1,1,1,2,1,1
735,8,0,1,4,32,1,1,1,1,1,41,1,1,1,1,1,1,1,2,1,1
736,8,0,1,4,32,1,1,1,1,1,10,1,1,1,1,1,1,1,2,1,1
737,8,0,1,4,32,1,1,1,1,1,10,1,1,1,1,1,1,1,2,0,1
738,8,0,1,4,32,1,1,1,1,1,10,1,1,1,1,1,1,1,2,0,1
739,8,0,1,4,32,1,1,1,1,1,10,1,1,1,1,1,1,1,2,0,0
740,8,0,1,4,32,1,1,1,1,1,10,1,1,1,1,1,1,1,2,1,1
741,8,0,1,4,32,1,1,1,1,1,22,1,1,1,1,1,1,1,2,1,1
742,8,0,1,4,32,1,1,1,1,1,10,1,1,1,1,1,1,1,2,1,1
743,8,0,1,4,32,1,1,1,1,1,10,1,1,1,1,1,1,1,2,1,0
744,8,0,1,4,32,1,1,1,1,1,13,1,1,1,1,1,1,1,2,1,0
745,8,0,1,4,32,1,1,1,1,1,13,1,1,1,1,1,1,1,2,0,1
746,8,0,1,4,32,1,1,1,1,1,10,1,1,1,1,1,1,1,2,1,1
747,8,0,1,4,32,1,1,1,1,1,10,1,1,1,1,1,1,1,2,1,1
748,8,0,1,4,32,1,1,1,1,1,10,1,1,1,1,1,1,1,2,1,1
749,8,0,1,4,32,1,1,1,1,1,22,1,1,1,1,1,1,1,2,1,0
750,8,0,1,4,32,1,1,1,1,1,10,1,1,1,1,1,1,1,2,1,0
751,8,0,1,4,32,1,0,1,1,1,10,1,1,1,1,1,1,1,2,1,0
752,8,0,1,4,32,1,1,1,1,1,13,1,1,1,1,1,1,1,2,1,1
753,8,0,1,4,32,1,0,1,1,1,10,1,1,1,1,1,1,1,2,0,0
754,8,0,1,4,32,1,1,1,1,1,10,1,1,1,1,1,1,1,2,0,1
755,8,0,1,4,32,1,1,1,1,1,10,1,1,1,1,1,1,1,2,1,1
756,8,0,1,4,32,1,1,1,1,1,10,1,1,1,1,1,1,1,2,1,1
757,8,0,1,4,32,1,1,1,1,1,22,1,1,1,1,1,1,1,2,1,1
758,8,0,1,4,32,1,1,1,1,1,29,1,1,1,1,1,1,1,2,0,1
759,8,0,1,4,32,1,1,1,1,1,10,1,1,1,1,1,1,1,2,1,0
760,8,0,1,4,32,1,1,1,1,1,10,1,1,1,1,1,1,1,2,1,0
761,8,0,1,4,32,1,0,1,1,1,10,1,1,1,1,1,1,1,2,1,0
762,8,0,1,4,32,1,0,1,1,1,10,1,1,1,1,1,1,1,2,1,0
763,8,0,1,4,32,1,1,1,1,1,43,1,1,1,1,1,1,1,2,1,1
764,8,0,1,4,32,1,1,1,1,1,10,1,1,1,1,1,1,1,2,1,1
765,8,0,1,4,32,1,1,1,1,1,6,1,1,1,1,1,1,1,2,1,1
766,8,0,1,4,32,1,1,1,1,1,10,1,1,1,1,1,1,1,2,1,1
767,8,0,1,4,32,1,1,1,1,1,22,1,1,1,1,1,1,1,2,1,1
768,8,0,1,4,32,1,1,1,1,1,22,1,1,1,1,1,1,1,2,0,0
769,8,0,1,4,32,1,0,1,1,1,10,1,1,1,1,1,1,1,2,0,0
770,8,0,1,4,32,1,1,1,1,1,10,1,1,1,1,1,1,1,2,0,1
771,8,0,1,4,32,1,1,1,1,1,10,1,1,1,1,1,1,1,2,1,1
772,8,0,1,4,32,1,1,1,1,1,10,1,1,1,1,1,1,1,2,1,1
773,8,0,1,4,33,1,1,1,1,1,10,1,1,1,1,1,1,1,2,1,1
774,8,0,1,4,33,1,1,1,1,1,10,1,1,1,1,1,1,1,2,1,1
775,8,0,1,4,33,1,1,1,1,1,30,1,1,1,1,1,1,1,2,1,1
776,8,0,1,4,33,1,0,1,1,1,12,1,1,1,1,1,1,1,2,1,0
777,8,0,1,4,33,1,1,1,1,1,10,1,1,1,1,1,1,1,2,1,0
778,8,0,1,4,33,1,1,1,1,1,10,1,1,1,1,1,1,1,2,0,1
779,8,0,1,4,33,1,1,1,1,1,10,1,1,1,1,1,1,1,2,0,0
780,8,0,1,4,33,1,0,1,1,1,10,1,1,1,1,1,1,1,2,1,0
781,8,0,1,4,33,1,1,1,1,1,10,1,1,1,1,1,1,1,2,0,0
782,8,0,1,4,33,1,0,1,1,1,10,1,1,1,1,1,1,1,2,1,0
783,8,0,1,4,33,1,0,1,1,1,10,1,1,1,1,1,1,1,2,0,0
784,8,0,1,4,33,1,0,1,1,1,12,1,1,1,1,1,1,1,2,1,1
785,8,0,1,4,33,1,1,1,1,1,34,1,1,1,1,1,1,1,1,1,1
786,8,0,1,4,33,1,1,1,1,1,10,1,1,1,1,1,1,1,2,1,1
787,8,0,1,4,33,1,1,1,1,1,6,1,1,1,1,1,1,1,2,1,1
788,8,0,1,4,33,1,1,1,1,1,43,1,1,1,1,1,1,1,1,0,1
789,8,0,1,4,33,1,1,1,1,1,10,1,1,1,1,1,1,1,2,1,0
790,8,0,1,4,33,1,1,1,1,1,22,1,1,1,1,1,1,1,1,0,1
791,8,0,1,4,33,1,1,1,1,1,34,1,1,1,1,1,1,1,2,1,0
792,8,0,1,4,33,1,1,1,1,1,10,1,1,1,1,1,1,1,2,1,1
793,8,0,1,4,33,1,1,1,1,1,22,1,1,1,1,1,1,1,2,1,0
794,8,0,1,4,34,1,1,1,1,1,22,1,1,1,1,1,1,1,2,1,0
795,8,0,1,4,40,1,1,1,1,1,29,1,1,1,1,1,1,1,1,1,0
796,8,0,1,4,40,1,0,1,1,1,34,1,1,1,1,1,1,1,1,0,1
797,8,0,1,4,47,1,1,1,1,1,10,1,1,1,1,1,1,1,2,0,1
798,8,0,1,4,47,1,1,1,1,1,22,1,1,1,1,1,1,1,2,0,1
799,8,0,1,4,47,1,1,1,1,1,10,1,1,1,1,1,1,1,1,1,0
800,8,0,1,4,36,1,1,1,1,1,9,0,1,1,1,1,1,1,0,0,0
801,8,0,1,4,36,1,1,1,1,1,10,1,1,1,1,1,1,1,2,0,1
802,8,0,1,4,36,1,1,1,1,1,22,1,1,1,1,1,1,1,2,1,1
803,8,0,1,4,36,1,1,1,1,1,10,1,1,1,1,1,1,1,2,1,1
804,8,0,1,4,39,1,1,1,1,1,10,1,1,1,1,1,1,1,2,1,1
805,8,0,1,4,39,1,1,1,1,1,22,1,1,1,1,1,1,1,1,1,1
806,8,0,1,4,39,1,1,1,1,1,2,0,1,1,1,1,1,1,1,1,1
807,8,0,1,4,39,1,1,1,1,1,10,0,1,1,1,1,1,1,1,0,1
808,8,0,1,4,39,1,1,1,1,1,10,1,1,1,1,1,1,1,2,1,1
809,8,0,1,4,39,1,1,1,1,1,10,0,1,1,1,1,1,1,0,0,0
810,8,0,1,4,39,1,1,1,1,1,10,1,1,1,1,1,1,1,2,1,1
811,8,0,1,4,39,1,1,1,1,1,10,0,1,1,1,1,1,1,0,0,1
812,8,0,1,4,39,1,1,1,1,1,2,1,1,1,1,1,1,1,2,1,1
813,8,0,1,4,39,1,1,1,1,1,10,1,1,1,1,1,1,1,2,1,0
814,8,0,1,4,39,1,1,1,1,1,10,1,1,1,1,1,1,1,2,1,1
815,8,0,1,4,39,1,1,1,1,1,37,1,1,1,1,1,1,1,1,0,0
816,8,0,1,4,2,1,1,1,1,1,29,1,1,1,1,1,1,1,1,1,1
817,8,0,1,4,1,1,1,1,1,1,10,1,1,1,1,1,1,1,2,0,1
818,8,0,1,4,5,1,0,1,1,1,10,1,1,1,1,1,1,1,2,0,0
819,8,0,1,4,4,1,1,1,1,1,10,1,1,1,1,1,1,1,1,1,1
820,8,0,1,4,2,1,1,1,1,1,10,1,1,1,1,1,1,1,2,1,1
821,8,0,1,4,6,1,1,1,1,1,10,1,1,1,1,1,1,1,2,1,1
822,8,0,1,4,3,1,1,1,1,1,12,1,1,1,1,1,1,1,1,1,1
823,8,0,1,4,42,1,1,1,1,1,22,1,1,1,1,1,1,1,1,0,0
824,8,0,1,4,46,1,1,1,1,1,10,1,1,1,1,1,1,1,1,1,1
825,8,0,1,4,46,1,1,1,1,1,34,1,1,1,1,1,1,1,1,0,0
826,8,0,1,4,46,1,1,1,1,1,27,1,1,1,1,1,1,1,1,0,1
827,8,0,1,4,46,1,1,1,1,1,22,1,1,1,1,1,1,1,2,0,1
828,8,0,1,4,46,1,1,1,1,1,2,1,1,1,1,1,1,1,1,1,1
829,8,0,1,4,39,1,1,1,1,1,22,1,1,1,1,1,1,1,1,1,1
830,8,0,1,4,37,1,0,1,1,1,9,1,1,1,1,1,1,1,2,1,0
831,8,0,1,4,39,1,1,1,1,1,22,1,1,1,1,1,1,1,1,1,1
832,8,0,1,4,39,1,1,1,1,1,22,1,1,1,1,1,1,1,2,1,1
833,8,0,1,4,39,1,1,1,1,1,22,1,1,1,1,1,1,1,2,1,1
834,8,0,1,4,52,0,1,1,1,1,29,1,1,1,1,1,1,1,2,1,0
835,8,0,1,4,52,0,0,1,1,1,10,1,1,1,1,1,1,1,1,0,0
836,8,0,1,4,52,0,0,1,1,1,10,1,1,1,1,1,1,1,2,0,0
837,8,0,1,4,52,0,1,1,1,1,10,1,1,1,1,1,1,1,2,1,1
838,8,0,1,4,52,0,1,1,1,1,10,1,1,1,1,1,1,1,2,1,1
839,8,0,1,4,52,0,1,1,1,1,10,1,1,1,1,1,1,1,2,1,0
840,8,0,1,4,34,0,1,1,1,1,10,1,1,1,1,1,1,1,2,1,1
841,8,0,1,4,34,0,1,1,1,1,10,1,1,1,1,1,1,1,1,0,1
842,8,0,1,4,51,0,1,1,1,1,10,1,1,1,1,1,1,1,2,0,1
843,8,0,1,4,34,0,1,1,1,1,10,1,1,1,1,1,1,1,2,1,1
844,8,0,1,4,34,0,1,1,1,1,10,1,1,1,1,1,1,1,2,1,1
845,8,0,1,4,38,0,1,1,1,1,10,1,1,1,1,1,1,1,2,1,0
846,8,0,1,4,28,0,1,1,1,1,10,1,1,1,1,1,1,1,1,0,1
847,8,0,1,4,29,0,1,1,1,1,10,1,1,1,1,1,1,1,1,1,1
848,8,0,1,4,51,0,1,1,1,1,10,1,1,1,1,1,1,1,2,1,1
849,8,0,1,4,51,0,1,1,1,1,14,1,1,1,1,1,1,1,2,1,1
850,8,0,1,4,51,0,1,1,1,1,10,1,1,1,1,1,1,1,2,1,1
851,8,0,1,4,51,0,1,1,1,1,10,1,1,1,1,1,1,1,2,1,1
852,8,0,1,4,51,0,1,1,1,1,22,1,1,1,1,1,1,1,2,1,0
853,8,0,1,4,51,0,1,1,1,1,22,1,1,1,1,1,1,1,2,1,1
854,8,0,1,4,33,2,1,1,1,1,10,1,1,1,1,1,1,1,2,1,1
855,8,0,1,4,33,2,1,1,1,1,10,1,1,1,1,1,1,1,2,1,1
856,8,0,1,4,33,2,1,1,1,1,9,1,1,1,1,1,1,1,2,0,0
857,8,0,1,4,33,2,0,1,1,1,29,1,1,1,1,1,1,1,2,0,0
858,8,0,1,4,33,2,1,1,1,1,14,1,1,1,1,1,1,1,2,1,1
859,8,0,1,4,33,2,1,1,1,1,10,1,1,1,1,1,1,1,2,0,1
860,8,0,1,4,33,2,1,1,1,1,10,1,1,1,1,1,1,1,2,1,0
861,8,0,1,4,33,2,0,1,1,1,10,1,1,1,1,1,1,1,2,1,0
862,8,0,1,4,33,2,1,1,1,1,10,1,1,1,1,1,1,1,2,1,1
863,8,0,1,4,33,2,0,1,1,1,10,1,1,1,1,1,1,1,2,1,0
864,8,0,1,4,33,2,0,1,1,1,10,1,1,1,1,1,1,1,2,0,0
865,8,0,1,4,33,2,0,1,1,1,10,1,1,1,1,1,1,1,2,0,0
866,8,0,1,4,33,2,1,1,1,1,14,1,1,1,1,1,0,0,1,1,1
867,8,0,1,4,33,2,1,1,1,1,10,1,1,1,1,1,1,1,2,1,1
868,8,0,1,4,33,2,1,1,1,1,41,1,1,1,1,1,1,1,2,1,0
869,8,0,1,4,33,2,1,1,1,1,22,1,1,1,1,1,1,1,1,1,1
870,8,0,1,4,33,2,1,1,1,1,10,1,1,1,1,1,1,1,2,1,1
871,8,0,1,4,33,2,1,1,1,1,22,1,1,1,1,1,1,1,1,0,1
872,8,0,1,4,33,2,1,1,1,1,34,1,1,1,1,1,1,1,2,1,1
873,8,0,1,4,33,2,1,1,1,1,10,1,1,1,1,1,1,1,2,1,1
874,8,0,1,4,33,2,1,1,1,1,22,1,1,1,1,1,1,1,2,1,0
875,8,0,1,4,34,2,1,1,1,1,10,1,1,1,1,1,1,1,2,1,1
876,8,0,1,4,40,2,1,1,1,1,10,1,1,1,1,1,1,1,1,1,1
877,8,0,1,4,40,2,0,1,1,1,34,0,1,1,0,0,1,0,1,0,1
878,8,0,1,4,47,2,1,1,1,1,10,1,1,1,1,1,1,1,2,0,1
879,8,0,1,4,47,2,1,1,1,1,10,1,1,1,1,1,1,1,2,0,0
880,8,0,1,4,47,2,1,1,1,1,10,1,1,1,1,1,1,1,1,0,1
881,8,0,1,2,82,0,1,1,1,1,10,1,1,1,1,1,1,1,2,1,0
882,8,0,1,2,82,0,1,1,1,1,10,1,1,1,1,1,1,1,2,1,1
883,8,0,1,2,82,0,1,1,1,1,10,1,1,1,1,1,1,1,2,1,1
884,8,0,1,2,82,0,1,1,1,1,30,1,1,1,1,1,1,1,1,1,1
885,8,0,1,2,82,0,1,1,1,1,10,1,1,1,1,1,1,1,2,1,0
886,8,0,1,2,82,0,1,1,1,1,10,1,1,1,1,1,1,1,1,0,0
887,8,0,1,2,82,0,0,1,1,1,10,1,1,1,1,1,1,1,1,0,0
888,8,0,1,2,82,0,0,1,1,1,10,1,1,1,1,1,1,1,2,1,0
889,8,0,1,2,82,0,1,1,1,1,10,1,1,1,1,1,1,1,1,1,1
890,8,0,1,2,82,0,0,1,1,1,10,1,1,1,1,1,1,1,2,1,0
891,8,0,1,2,82,0,1,1,1,1,10,1,1,1,1,1,1,1,1,1,1
892,8,0,1,2,82,0,1,1,1,1,10,1,1,1,1,1,1,1,2,0,1
893,8,0,1,2,82,0,1,1,1,1,29,1,1,1,1,1,1,1,2,1,1
894,8,0,1,2,82,0,1,1,1,1,10,1,1,1,1,1,1,1,2,1,0
895,8,0,1,2,82,0,1,1,1,1,10,1,1,1,1,1,1,1,2,1,1
896,5,3,1,4,38,2,1,1,1,1,10,1,1,1,1,1,1,1,2,1,1
897,5,3,1,4,38,2,1,1,1,1,10,1,1,1,1,1,1,1,2,1,0
898,5,3,1,4,38,2,1,1,1,1,10,1,1,1,1,1,1,1,2,1,0
899,5,3,1,4,38,2,1,1,1,1,10,1,1,1,1,1,1,1,2,1,0
900,5,3,1,4,38,2,1,1,1,1,10,1,1,1,1,1,1,1,2,1,0
901,5,3,1,4,38,2,1,1,1,1,10,1,1,1,1,1,1,1,2,1,0
902,5,3,1,4,38,2,0,1,1,1,10,1,1,1,1,1,1,1,2,1,0
903,5,3,1,4,38,2,0,1,1,1,10,1,1,1,1,1,1,1,2,0,0
904,5,3,1,4,38,2,1,1,1,1,10,1,1,1,1,1,1,1,2,0,0
905,5,3,1,4,38,2,1,1,1,1,10,1,1,1,1,1,1,1,2,0,0
906,5,3,1,4,38,2,1,1,1,1,10,1,1,1,1,1,1,1,2,0,0
907,5,3,1,4,38,2,1,1,1,1,10,1,1,1,1,1,1,1,2,0,0
908,5,3,1,4,38,2,1,1,1,1,10,1,1,1,1,1,1,1,2,0,0
909,5,3,1,4,38,2,1,1,1,1,10,1,1,1,1,1,1,1,2,0,0
910,5,3,1,4,38,2,0,1,1,1,10,1,1,1,1,1,1,1,2,0,0
911,5,3,1,4,38,2,1,1,1,1,10,1,1,1,1,1,1,1,2,0,0
912,5,3,1,4,38,2,1,1,1,1,10,1,1,1,1,1,1,1,2,0,1
913,5,3,1,4,38,2,1,1,1,1,10,1,1,1,1,1,1,1,2,0,1
914,5,3,1,4,38,2,0,1,1,1,10,1,1,1,1,1,1,1,2,0,0
915,5,3,1,4,38,2,1,1,1,1,10,1,1,1,1,1,1,1,2,0,1
916,5,3,1,4,38,2,1,1,1,1,10,0,1,1,1,1,1,1,0,0,1
917,5,3,1,4,38,2,1,1,1,1,10,0,1,1,1,1,1,1,0,0,1
918,5,3,1,4,38,2,1,1,1,1,10,0,1,1,1,1,1,1,0,0,1
919,5,3,1,4,38,2,0,1,1,1,10,0,1,1,1,1,1,1,0,0,0
920,5,3,1,4,38,2,0,1,1,1,10,0,1,1,1,1,1,1,0,0,0
921,5,3,1,4,38,2,1,1,1,1,10,0,1,1,1,1,1,1,0,0,1
922,5,3,1,4,38,2,0,1,1,1,10,0,1,1,1,1,1,1,0,0,0
923,5,3,1,4,38,2,0,1,1,1,10,0,1,1,1,1,1,1,0,0,0
924,5,3,1,4,38,2,0,1,1,1,10,0,1,1,1,1,1,1,0,0,0
925,5,3,1,4,38,2,1,1,1,1,10,0,1,1,1,1,1,1,0,0,1
926,7,4,1,4,20,0,1,1,1,1,10,1,1,1,1,1,1,1,2,1,0
927,7,4,1,4,20,0,1,1,1,1,38,1,1,1,1,1,1,1,2,1,0
928,7,4,1,4,20,0,1,1,1,1,6,1,1,1,1,1,1,1,2,0,0
929,7,4,1,4,20,0,1,1,1,1,6,1,1,1,1,1,1,1,2,0,0
930,7,4,1,4,20,0,1,1,1,1,10,1,1,1,1,1,1,1,2,0,0
931,7,4,1,4,20,0,1,1,1,1,10,1,1,1,1,1,1,1,2,0,0
932,7,4,1,4,20,0,1,1,1,1,10,1,1,1,1,1,1,1,2,0,1
933,7,4,1,4,20,0,1,1,1,1,13,1,1,1,1,1,1,1,2,0,1
934,7,4,1,4,20,0,1,1,1,1,10,1,1,1,1,1,1,1,2,0,1
935,7,4,1,4,20,0,1,1,1,1,10,0,1,1,1,1,1,1,0,0,0
936,7,4,1,4,20,0,1,1,1,1,10,0,1,1,1,1,1,1,0,0,0
937,7,4,1,4,20,0,1,1,1,1,6,0,1,1,1,1,1,1,0,0,1
938,7,4,1,4,20,0,1,1,1,1,10,0,1,1,1,1,1,1,0,0,0
939,10,2,1,4,34,0,1,1,1,1,12,1,1,1,1,1,1,1,2,1,1
940,10,2,1,4,34,0,0,1,1,1,10,1,1,1,1,1,1,1,2,1,0
941,3,0,1,2,63,0,0,1,1,1,10,1,1,1,1,1,1,1,2,1,0
942,3,0,1,2,63,0,0,1,1,1,6,1,1,1,1,1,1,1,2,1,0
943,3,0,1,2,63,0,0,1,1,1,10,1,1,1,1,1,1,1,2,1,0
944,3,0,1,2,63,0,1,1,1,1,10,1,1,1,1,1,1,1,2,1,0
945,3,0,1,2,63,0,1,1,1,1,34,1,1,1,1,1,1,1,2,1,1
946,1,2,4,4,22,0,1,4,3,3,20,1,1,1,1,1,1,1,2,1,1
947,1,2,4,4,22,0,1,4,3,3,15,1,1,1,1,1,1,1,2,1,1
948,1,2,4,4,22,0,1,4,3,3,19,1,1,1,1,1,1,1,2,1,1
949,1,2,4,4,22,0,1,4,3,3,19,1,1,1,1,1,1,1,2,1,1
950,1,2,4,4,22,0,1,4,3,3,19,1,1,1,1,1,1,1,2,1,1
951,1,2,4,4,22,0,1,4,3,3,19,1,1,1,1,1,1,1,2,1,1
952,1,2,4,4,22,0,0,4,3,3,19,1,1,1,1,1,1,1,2,1,1
953,1,2,4,4,22,0,0,4,3,3,19,1,1,1,1,1,1,1,2,0,1
954,1,2,4,4,22,0,1,4,3,3,2,1,1,1,1,1,0,0,0,0,1
955,7,4,1,4,19,0,1,1,1,1,10,1,1,1,1,1,1,1,2,1,0
956,7,4,1,4,19,0,1,1,1,1,6,1,1,1,1,1,1,1,2,1,0
957,7,4,1,4,19,0,1,1,1,1,10,1,1,1,1,1,1,1,2,1,0
958,7,4,1,4,19,0,1,1,1,1,10,1,1,1,1,1,1,1,2,1,0
959,1,2,4,4,90,0,0,4,3,3,23,1,1,1,1,1,1,1,2,0,1
960,1,2,4,4,90,0,0,4,3,3,26,1,1,1,1,1,1,1,2,1,1
961,1,2,4,4,90,0,0,4,3,3,19,1,1,1,1,1,1,1,2,1,1
962,1,2,4,4,90,0,1,4,3,3,19,1,1,1,1,1,1,1,2,1,0
963,1,2,4,4,90,0,1,4,3,3,19,1,1,1,1,1,1,1,2,1,1
964,1,2,4,4,90,0,1,4,3,3,19,1,1,1,1,1,1,1,2,1,1
965,1,2,4,4,90,0,1,4,3,3,19,1,1,1,1,1,1,1,2,0,1
966,1,2,4,4,90,0,0,4,3,3,19,0,1,1,0,0,1,0,0,0,1
967,1,2,4,4,90,0,0,4,3,3,19,0,0,1,0,0,1,1,0,0,1
968,1,2,4,4,90,0,0,4,3,3,19,0,1,1,0,1,1,0,0,0,1
969,1,2,4,4,90,0,0,4,3,3,19,0,1,1,1,0,1,0,0,0,1
970,4,1,1,2,0,0,1,1,1,1,10,1,1,1,1,1,1,1,2,1,1
971,4,1,1,2,0,0,1,1,1,1,10,1,1,1,1,1,1,1,2,1,1
972,4,1,1,2,0,0,0,1,1,1,10,1,1,1,1,1,1,1,2,1,0
973,4,1,1,2,0,0,1,1,1,1,10,1,1,1,1,1,1,1,2,1,0
974,10,2,2,4,24,0,1,2,2,2,12,1,1,1,1,1,1,1,2,1,1
975,10,2,2,4,24,0,0,2,2,2,39,1,1,1,1,1,1,1,2,1,1
976,10,2,2,4,24,0,0,2,2,2,12,1,1,1,1,1,1,1,2,1,1
977,10,2,2,4,24,0,1,2,2,2,12,1,1,1,1,1,1,1,2,1,0
978,10,2,2,4,24,0,1,2,2,2,12,1,1,1,1,1,1,1,2,1,1
979,10,2,2,2,24,0,0,2,2,2,12,1,1,1,1,1,1,1,2,1,1
980,10,2,2,2,24,0,0,2,2,2,39,0,0,1,0,0,1,0,0,0,1
981,10,2,2,2,24,0,1,2,2,2,39,0,0,1,1,0,1,1,0,0,1
982,10,2,2,2,24,0,1,2,2,2,39,0,0,1,0,0,0,1,0,0,1
983,8,0,1,2,50,0,1,1,1,1,10,1,1,1,1,1,1,1,2,1,1
984,8,0,1,2,50,0,1,1,1,1,6,0,1,1,1,0,1,0,0,0,1
985,8,0,1,2,50,0,1,1,1,1,10,0,1,1,1,0,1,1,0,0,0
986,8,0,1,2,50,0,0,1,1,1,10,0,1,1,1,1,0,0,0,0,1
987,8,0,1,2,50,0,0,1,1,1,10,1,1,1,1,1,1,1,2,1,0
988,8,0,1,4,41,0,1,1,1,1,10,1,1,1,1,1,1,1,2,1,1
989,8,0,1,4,41,0,1,1,1,1,10,1,1,1,1,1,1,1,2,1,1
990,8,0,1,4,41,0,1,1,1,1,12,1,1,1,1,1,1,1,2,1,0
991,8,0,1,4,41,0,1,1,1,1,10,0,1,1,1,1,1,1,2,0,1
992,8,0,1,4,41,0,0,1,1,1,10,0,1,1,1,1,1,0,0,0,0
993,8,0,1,4,41,0,0,1,1,1,41,0,1,1,1,1,1,1,0,0,1
994,11,0,1,4,60,0,1,1,1,1,10,1,1,1,1,1,1,1,2,1,0
995,1,2,6,4,30,0,1,6,5,6,15,1,1,1,1,1,1,1,2,1,1
996,1,2,6,4,30,0,1,6,5,6,2,1,1,1,1,1,1,1,2,1,1
997,1,2,6,4,30,0,1,6,5,6,30,1,1,1,1,1,1,1,2,1,1
998,1,2,6,4,30,0,1,6,5,6,30,1,1,1,1,1,1,1,2,1,1
999,1,2,6,4,30,0,0,6,5,6,30,1,1,1,1,1,1,1,2,0,1
1000,1,2,6,4,43,0,0,6,5,6,30,1,1,1,1,1,1,1,2,1,1
1001,1,2,6,4,43,0,1,6,5,6,15,1,1,1,1,1,1,1,2,1,1
1002,1,2,6,4,43,0,1,6,5,6,30,1,1,1,1,1,1,1,1,1,1
1003,1,2,4,2,27,0,1,4,3,3,19,1,1,1,1,1,1,1,2,1,1
1004,1,2,6,2,27,0,0,6,5,6,30,1,1,1,1,1,1,1,2,1,1
1005,1,2,6,2,27,0,1,6,5,6,15,1,1,1,1,1,1,1,2,1,1
1006,1,2,6,2,27,0,1,6,5,6,30,1,1,1,1,1,1,1,2,1,1
1007,1,2,4,2,27,0,0,4,3,3,19,1,1,1,1,1,1,1,2,1,1
1008,1,2,4,2,27,0,1,4,3,3,19,1,1,1,1,1,1,1,2,1,1
1009,1,2,6,2,27,0,1,6,5,6,30,1,1,1,1,1,1,1,2,1,1
1010,1,2,6,2,27,0,1,6,5,6,30,1,1,1,1,1,1,1,2,1,1
1011,1,2,6,2,27,0,1,6,5,6,30,1,1,1,1,1,1,1,2,1,1
1012,1,2,4,2,27,0,1,4,3,3,19,1,1,1,1,1,1,1,2,1,1
1013,1,2,4,2,27,0,1,4,3,3,19,1,1,1,1,1,1,1,2,1,1
1014,1,2,6,2,27,0,1,6,5,6,30,1,1,1,1,1,1,1,2,1,1
1015,8,0,1,4,72,0,1,1,1,1,10,1,1,1,1,1,1,1,2,1,1
1016,8,0,1,4,72,0,1,1,1,1,10,1,1,1,1,1,1,1,2,0,1
1017,8,0,1,4,72,0,1,1,1,1,3,1,1,1,1,1,1,1,2,0,1
1018,8,0,1,4,72,0,1,1,1,1,10,1,1,1,1,1,1,1,2,1,1
1019,8,0,1,4,72,0,1,1,1,1,10,1,1,1,1,1,1,1,2,0,1
1020,8,0,1,4,72,0,1,1,1,1,22,1,1,1,1,1,1,1,2,1,0
1021,8,0,1,4,72,0,1,1,1,1,10,1,1,1,1,1,1,1,2,1,1
1022,8,0,1,4,72,0,1,1,1,1,10,1,1,1,1,1,1,1,2,1,1
1023,8,0,1,4,72,0,0,1,1,1,10,1,1,1,1,1,1,1,2,1,0
1024,8,0,1,4,72,0,1,1,1,1,10,1,1,1,1,1,1,1,2,0,0
1025,8,0,1,4,75,0,1,1,1,1,14,1,1,1,1,1,1,1,2,0,1
1026,8,0,1,4,76,0,0,1,1,1,14,1,1,1,1,1,1,1,2,1,0
1027,8,0,1,4,77,0,1,1,1,1,10,1,1,1,1,1,1,1,2,1,1
1028,8,0,1,4,76,0,0,1,1,1,10,1,1,1,1,1,1,1,2,1,0
1029,8,0,1,4,76,0,0,1,1,1,10,1,1,1,1,1,1,1,2,1,0
1030,8,0,1,4,76,0,0,1,1,1,10,1,1,1,1,1,1,1,2,1,0
1031,8,0,1,4,89,0,1,1,1,1,10,1,1,1,1,1,1,1,2,0,1
1032,8,0,1,4,73,0,1,1,1,1,10,1,1,1,1,1,1,1,2,1,1
1033,8,0,1,4,74,0,1,1,1,1,10,1,1,1,1,1,1,1,2,0,1
1034,8,0,1,4,72,0,1,1,1,1,10,0,1,1,1,1,1,0,0,0,1
1035,8,0,1,4,72,0,0,1,1,1,10,1,1,1,1,1,1,1,2,0,1
1036,8,0,1,4,72,0,1,1,1,1,10,1,1,1,1,1,1,1,2,1,1
1037,8,0,1,4,72,0,1,1,1,1,22,0,1,1,0,1,1,1,1,1,1
1038,8,0,1,4,65,0,1,1,1,1,10,1,1,1,1,1,1,1,2,1,1
1039,8,0,1,4,65,0,1,1,1,1,10,1,1,1,1,1,1,1,2,1,1
1040,8,0,0,4,71,0,1,0,0,0,6,1,1,1,1,1,1,1,2,1,1
1041,8,0,0,4,71,0,1,0,0,0,6,1,1,1,1,1,1,1,2,1,1
1042,8,0,0,4,71,0,1,0,0,0,22,0,1,1,1,1,1,0,0,0,1
1043,8,0,0,4,71,0,1,0,0,0,14,1,1,1,1,1,1,1,2,1,1
1044,8,0,0,4,71,0,1,0,0,0,10,1,1,1,1,1,1,1,2,1,1
1045,8,0,0,4,71,0,1,0,0,0,10,1,1,1,1,1,1,1,2,1,1
1046,8,0,0,4,71,0,1,0,0,0,6,1,1,1,1,1,1,1,2,1,1
1047,8,0,0,4,71,0,1,0,0,0,2,1,1,1,1,1,1,1,2,1,0
1048,8,0,0,4,71,0,1,0,0,0,22,1,1,1,1,1,1,1,2,0,1
1049,8,0,0,4,71,0,1,0,0,0,35,1,1,1,1,1,1,1,2,1,1
1050,8,0,0,4,71,0,1,0,0,0,24,1,1,1,1,1,1,1,2,0,1
1051,8,0,0,4,71,0,1,0,0,0,6,1,1,1,1,1,1,1,2,1,1
1052,8,0,0,4,71,0,1,0,0,0,14,1,1,1,1,1,1,1,1,1,1
1053,8,0,0,4,71,0,1,0,0,0,6,1,1,1,1,1,1,1,2,1,1
1054,8,0,0,4,71,0,1,0,0,0,6,1,1,1,1,1,1,1,1,0,0
1055,8,0,0,4,71,0,0,0,0,0,6,1,1,1,1,1,1,1,0,1,1
1056,8,0,0,4,71,0,0,0,0,0,6,1,1,1,1,1,1,1,2,1,1
1057,8,0,0,4,71,0,1,0,0,0,30,1,1,1,1,1,0,0,1,0,1
1058,8,0,0,4,71,0,1,0,0,0,30,1,1,1,1,1,0,0,1,1,1
1059,8,0,0,4,71,0,1,0,0,0,6,1,1,1,1,1,0,0,1,1,1
1060,8,0,0,4,71,0,1,0,0,0,14,1,1,1,1,1,0,0,1,0,1
1061,8,0,0,4,71,0,1,0,0,0,22,0,1,1,1,1,0,0,0,0,0
1062,8,0,0,4,71,0,1,0,0,0,22,1,1,1,1,1,1,1,2,1,0
1063,8,0,0,4,71,0,1,0,0,0,43,1,1,1,1,1,1,1,2,1,0
1064,8,0,0,4,71,0,0,0,0,0,6,1,1,1,1,1,1,1,1,1,0
1065,8,0,0,4,71,0,1,0,0,0,6,1,1,1,1,1,1,1,2,0,1
1066,8,0,0,4,71,0,1,0,0,0,34,1,1,1,1,1,1,1,2,0,1
1067,8,0,1,4,32,1,1,1,1,1,10,1,1,1,1,1,1,1,2,1,1
1068,8,0,1,4,32,1,1,1,1,1,10,1,1,1,1,1,1,1,2,1,1
1069,8,0,1,4,32,1,0,1,1,1,9,1,1,1,1,1,1,1,2,1,0
1070,8,0,1,4,32,1,1,1,1,1,22,1,1,1,1,1,1,1,1,0,1
1071,8,0,1,4,32,1,1,1,1,1,13,1,1,1,1,1,1,1,2,1,0
1072,8,0,1,4,32,1,1,1,1,1,13,1,1,1,1,1,1,1,2,1,0
1073,8,0,1,4,32,1,1,1,1,1,22,1,1,1,1,1,1,1,2,1,0
1074,8,0,1,4,32,1,1,1,1,1,22,1,1,1,1,1,1,1,2,1,1
1075,8,0,1,4,32,1,1,1,1,1,22,0,1,1,1,1,1,1,1,1,1
1076,8,0,1,4,32,1,1,1,1,1,14,0,1,1,1,1,1,1,1,0,1
1077,8,0,1,4,32,1,1,1,1,1,12,1,1,1,1,1,1,1,2,1,1
1078,8,0,1,4,32,1,1,1,1,1,22,1,1,1,1,1,1,1,2,1,1
1079,8,0,1,4,32,1,1,1,1,1,43,1,1,1,1,1,1,1,1,1,1
1080,8,0,1,4,32,1,1,1,1,1,10,1,1,1,1,1,1,1,1,0,1
1081,8,0,1,4,32,1,0,1,1,1,10,0,1,1,1,1,1,1,1,0,0
1082,8,0,1,4,32,1,0,1,1,1,10,0,1,1,1,1,1,1,1,1,0
1083,8,0,1,4,32,1,1,1,1,1,22,0,1,1,1,1,1,1,1,1,1
1084,8,0,1,4,32,1,0,1,1,1,13,1,1,1,1,1,1,1,2,0,0
1085,8,0,1,4,32,1,0,1,1,1,14,1,1,1,1,1,1,1,1,0,1
1086,8,0,1,4,32,1,1,1,1,1,10,1,1,1,1,1,1,1,1,0,1
1087,8,0,1,4,32,1,1,1,1,1,22,1,1,1,1,1,1,1,1,0,1
1088,8,0,1,4,32,1,1,1,1,1,10,1,1,1,1,1,1,1,2,1,1
1089,8,0,1,4,32,1,1,1,1,1,10,1,1,1,1,1,1,1,2,0,1
1090,8,0,1,4,32,1,0,1,1,1,10,1,1,1,1,1,1,1,2,0,1
1091,8,0,1,4,32,1,1,1,1,1,10,1,1,1,1,1,1,1,2,1,1
1092,8,0,1,4,32,1,1,1,1,1,10,1,1,1,1,1,1,1,2,1,1
1093,8,0,1,4,32,1,1,1,1,1,22,1,1,1,1,1,1,1,2,1,0
1094,8,0,1,4,32,1,1,1,1,1,10,1,1,1,1,1,1,1,2,1,1
1095,8,0,1,4,32,1,1,1,1,1,13,1,1,1,1,1,1,1,2,1,0
1096,8,0,1,4,32,1,0,1,1,1,13,1,1,1,1,1,1,1,2,1,0
1097,8,0,1,4,32,1,1,1,1,1,10,1,1,1,1,1,1,1,2,1,0
1098,8,0,1,4,32,1,1,1,1,1,10,1,1,1,1,1,1,1,2,0,1
1099,8,0,1,4,32,1,1,1,1,1,10,1,1,1,1,1,1,1,2,0,1
1100,8,0,1,4,32,1,0,1,1,1,6,1,1,1,1,1,1,1,2,0,0
1101,8,0,1,4,32,1,0,1,1,1,22,1,1,1,1,1,1,1,2,1,0
1102,8,0,1,4,32,1,1,1,1,1,10,1,1,1,1,1,1,1,2,1,1
1103,8,0,1,4,32,1,1,1,1,1,10,1,1,1,1,1,1,1,2,0,1
1104,8,0,1,4,32,1,1,1,1,1,13,1,1,1,1,1,1,1,2,1,1
1105,8,0,1,4,32,1,0,1,1,1,10,1,1,1,1,1,1,1,2,1,1
1106,8,0,1,4,32,1,1,1,1,1,10,1,1,1,1,1,1,1,2,1,1
1107,8,0,1,4,32,1,1,1,1,1,2,1,1,1,1,1,1,1,2,0,1
1108,8,0,1,4,32,1,1,1,1,1,22,1,1,1,1,1,1,1,2,1,0
1109,8,0,1,4,32,1,1,1,1,1,10,1,1,1,1,1,1,1,2,1,1
1110,8,0,1,4,32,1,1,1,1,1,2,1,1,1,1,1,1,1,2,1,0
1111,8,0,1,4,32,1,1,1,1,1,22,1,1,1,1,1,1,1,2,1,0
1112,8,0,1,4,32,1,1,1,1,1,22,1,1,1,1,1,1,1,2,0,0
1113,8,0,1,4,32,1,1,1,1,1,10,1,1,1,1,1,1,1,2,1,1
1114,8,0,1,4,32,1,1,1,1,1,10,1,1,1,1,1,1,1,2,0,1
1115,8,0,1,4,32,1,1,1,1,1,10,1,1,1,1,1,1,1,2,0,0
1116,8,0,1,4,32,1,1,1,1,1,10,1,1,1,1,1,1,1,2,1,1
1117,8,0,1,4,32,1,1,1,1,1,10,1,1,1,1,1,1,1,2,1,1
1118,8,0,1,4,32,1,1,1,1,1,22,1,1,1,1,1,1,1,2,1,0
1119,8,0,1,4,32,1,0,1,1,1,22,1,1,1,1,1,1,1,2,0,1
1120,8,0,1,4,32,1,1,1,1,1,22,1,1,1,1,1,1,1,2,1,0
1121,8,0,1,4,32,1,1,1,1,1,10,1,1,1,1,1,1,1,2,0,1
1122,8,0,1,4,32,1,1,1,1,1,10,1,1,1,1,1,1,1,2,0,1
1123,8,0,1,4,32,1,1,1,1,1,10,1,1,1,1,1,1,1,2,0,1
1124,8,0,1,4,32,1,1,1,1,1,22,1,1,1,1,1,1,1,2,1,1
1125,8,0,1,4,32,1,1,1,1,1,22,1,1,1,1,1,1,1,2,0,1
1126,8,0,1,4,32,1,1,1,1,1,10,1,1,1,1,1,1,1,2,1,1
1127,8,0,1,4,32,1,0,1,1,1,22,1,1,1,1,1,1,1,2,1,1
1128,8,0,1,4,32,1,1,1,1,1,10,1,1,1,1,1,1,1,2,0,0
1129,8,0,1,4,32,1,1,1,1,1,10,1,1,1,1,1,1,1,2,0,1
1130,8,0,1,4,32,1,1,1,1,1,22,1,1,1,1,1,1,1,2,0,1
1131,8,0,1,4,32,1,1,1,1,1,10,1,1,1,1,1,1,1,2,1,1
1132,8,0,1,4,32,1,1,1,1,1,10,1,1,1,1,1,1,1,2,1,1
1133,8,0,1,4,32,1,1,1,1,1,10,1,1,1,1,1,1,1,2,1,1
1134,8,0,1,4,32,1,0,1,1,1,10,1,1,1,1,1,1,1,2,0,1
1135,8,0,1,4,32,1,1,1,1,1,13,1,1,1,1,1,1,1,2,1,0
1136,8,0,1,4,32,1,1,1,1,1,22,1,1,1,1,1,1,1,2,0,1
1137,8,0,1,4,32,1,1,1,1,1,14,1,1,1,1,1,1,1,2,0,1
1138,8,0,1,4,32,1,1,1,1,1,10,1,1,1,1,1,1,1,2,0,1
1139,8,0,1,4,32,1,1,1,1,1,22,1,1,1,1,1,1,1,2,0,0
1140,8,0,1,4,32,1,1,1,1,1,22,1,1,1,1,1,1,1,2,1,0
1141,8,0,1,4,32,1,1,1,1,1,22,1,1,1,1,1,1,1,2,0,1
1142,8,0,1,4,32,1,1,1,1,1,10,1,1,1,1,1,1,1,2,0,1
1143,8,0,1,4,32,1,1,1,1,1,10,1,1,1,1,1,1,1,2,1,1
1144,8,0,1,4,32,1,1,1,1,1,22,1,1,1,1,1,1,1,2,1,1
1145,8,0,1,4,32,1,1,1,1,1,22,1,1,1,1,1,1,1,2,1,0
1146,8,0,1,4,32,1,1,1,1,1,10,1,1,1,1,1,1,1,2,1,0
1147,8,0,1,4,32,1,1,1,1,1,10,1,1,1,1,1,1,1,2,1,1
1148,8,0,1,4,32,1,1,1,1,1,22,1,1,1,1,1,1,1,2,0,1
1149,8,0,1,4,32,1,1,1,1,1,10,1,1,1,1,1,1,1,2,1,1
1150,8,0,1,4,32,1,1,1,1,1,10,1,1,1,1,1,1,1,2,1,1
1151,8,0,1,4,32,1,1,1,1,1,13,1,1,1,1,1,1,1,2,1,0
1152,8,0,1,4,32,1,1,1,1,1,10,1,1,1,1,1,1,1,2,1,0
1153,8,0,1,4,32,1,1,1,1,1,22,1,1,1,1,1,1,1,2,1,0
1154,8,0,1,4,32,1,1,1,1,1,10,1,1,1,1,1,1,1,2,1,1
1155,8,0,1,4,32,1,0,1,1,1,22,1,1,1,1,1,1,1,2,1,1
1156,8,0,1,4,32,1,1,1,1,1,10,1,1,1,1,1,1,1,2,1,0
1157,8,0,1,4,32,1,0,1,1,1,10,1,1,1,1,1,1,1,2,1,0
1158,8,0,1,4,32,1,1,1,1,1,10,1,1,1,1,1,1,1,2,1,1
1159,8,0,1,4,32,1,1,1,1,1,41,1,1,1,1,1,1,1,2,0,1
1160,8,0,1,4,32,1,1,1,1,1,10,1,1,1,1,1,1,1,2,0,1
1161,8,0,1,4,32,1,1,1,1,1,22,1,1,1,1,1,1,1,2,0,0
1162,8,0,1,4,32,1,1,1,1,1,10,1,1,1,1,1,1,1,2,1,1
1163,8,0,1,4,32,1,1,1,1,1,10,1,1,1,1,1,1,1,2,1,1
1164,8,0,1,4,32,1,1,1,1,1,22,1,1,1,1,1,1,1,2,1,1
1165,8,0,1,4,32,1,0,1,1,1,10,1,1,1,1,1,1,1,2,1,0
1166,8,0,1,4,32,1,0,1,1,1,10,1,1,1,1,1,1,1,2,0,0
1167,8,0,1,4,32,1,1,1,1,1,43,1,1,1,1,1,1,1,2,1,0
1168,8,0,1,4,32,1,1,1,1,1,10,1,1,1,1,1,1,1,2,1,1
1169,8,0,1,4,32,1,1,1,1,1,22,1,1,1,1,1,1,1,2,1,1
1170,8,0,1,4,32,1,1,1,1,1,22,1,1,1,1,1,1,1,2,1,1
1171,8,0,1,4,32,1,1,1,1,1,22,1,1,1,1,1,1,1,2,0,0
1172,8,0,1,4,32,1,1,1,1,1,22,1,1,1,1,1,1,1,2,1,0
1173,8,0,1,4,32,1,0,1,1,1,10,1,1,1,1,1,1,1,2,1,0
1174,8,0,1,4,32,1,1,1,1,1,10,1,1,1,1,1,1,1,2,0,1
1175,8,0,1,4,32,1,1,1,1,1,41,1,1,1,1,1,1,1,2,1,1
1176,8,0,1,4,32,1,1,1,1,1,10,1,1,1,1,1,1,1,2,1,1
1177,8,0,1,4,34,1,1,1,1,1,10,1,1,1,1,1,1,1,2,1,1
1178,8,0,1,4,44,1,0,1,1,1,10,1,1,1,1,1,1,1,2,0,0
1179,8,0,1,4,44,1,1,1,1,1,10,1,1,1,1,1,1,1,2,0,1
1180,8,0,1,4,49,1,0,1,1,1,10,1,1,1,1,1,1,1,2,1,0
1181,8,0,1,4,49,1,1,1,1,1,10,1,1,1,1,1,1,1,2,0,0
1182,8,0,1,4,49,1,1,1,1,1,10,1,1,1,1,1,1,1,2,0,1
1183,8,0,1,4,45,1,1,1,1,1,10,1,1,1,1,1,1,1,2,0,1
1184,8,0,1,4,45,1,1,1,1,1,10,1,1,1,1,1,1,1,2,1,1
1185,8,0,1,4,45,1,1,1,1,1,10,1,1,1,1,1,1,1,2,1,0
1186,8,0,1,4,34,1,0,1,1,1,10,1,1,1,1,1,1,1,2,1,0
1187,8,0,1,4,34,1,0,1,1,1,22,1,1,1,1,1,1,1,2,1,1
1188,8,0,1,4,37,1,1,1,1,1,22,1,1,1,1,1,1,1,2,1,1
1189,8,0,1,4,37,1,1,1,1,1,10,1,1,1,1,1,1,1,2,0,1
1190,8,0,1,4,37,1,0,1,1,1,11,1,1,1,1,1,1,1,2,1,1
1191,8,0,1,4,37,1,1,1,1,1,10,1,1,1,1,1,1,1,2,0,0
1192,8,0,1,4,37,1,1,1,1,1,10,1,1,1,1,1,1,1,2,0,1
1193,8,0,1,4,31,1,1,1,1,1,22,1,1,1,1,1,1,1,2,1,0
1194,8,0,1,4,31,1,1,1,1,1,10,1,1,1,1,1,1,1,2,1,0
1195,8,0,1,4,31,1,1,1,1,1,10,1,1,1,1,1,1,1,2,1,1
1196,8,0,1,4,34,1,1,1,1,1,10,1,1,1,1,1,1,1,2,1,1
1197,8,0,1,4,34,1,1,1,1,1,22,1,1,1,1,1,1,1,2,0,1
1198,8,0,7,4,35,1,1,7,1,1,22,1,1,1,1,1,1,1,2,1,1
1199,8,0,7,4,35,1,1,7,1,1,10,1,1,1,1,1,1,1,2,1,0
1200,8,0,7,4,35,1,1,7,1,1,10,1,1,1,1,1,1,1,2,0,0
1201,8,0,1,4,34,1,1,1,1,1,10,1,1,1,1,1,1,1,2,0,0
1202,8,0,1,4,34,1,1,1,1,1,10,1,1,1,1,1,1,1,2,1,1
1203,8,0,1,4,35,1,1,1,1,1,10,1,1,1,1,1,1,1,2,1,1
1204,8,0,1,4,35,1,0,1,1,1,14,1,1,1,1,1,1,1,2,1,1
1205,8,0,1,4,35,1,1,1,1,1,22,1,1,1,1,1,1,1,2,1,0
1206,8,0,1,4,35,1,1,1,1,1,10,1,1,1,1,1,1,1,2,0,0
1207,8,0,1,4,35,1,1,1,1,1,10,1,1,1,1,1,1,1,2,1,0
1208,8,0,1,4,35,1,1,1,1,1,10,1,1,1,1,1,1,1,2,1,1
1209,8,0,1,4,35,1,1,1,1,1,13,1,1,1,1,1,1,1,2,1,0
1210,8,0,1,4,34,1,1,1,1,1,10,1,1,1,1,1,1,1,2,1,1
1211,8,0,1,4,34,1,1,1,1,1,10,1,1,1,1,1,1,1,2,0,1
1212,8,0,1,4,34,1,1,1,1,1,10,1,1,1,1,1,1,1,2,0,0
1213,8,0,1,4,34,1,0,1,1,1,10,1,1,1,1,1,1,1,2,1,0
1214,8,0,1,4,34,1,1,1,1,1,10,1,1,1,1,1,1,1,2,1,1
1215,8,0,1,4,34,1,1,1,1,1,10,1,1,1,1,1,1,1,2,0,1
1216,6,3,1,2,16,0,1,1,1,1,10,1,1,1,1,1,1,1,2,1,0
1217,6,3,1,2,68,0,1,1,1,1,10,1,1,1,1,1,1,1,2,1,0
1218,6,3,1,2,68,0,1,1,1,1,10,1,1,1,1,1,1,1,2,1,0
1219,6,3,1,2,68,0,1,1,1,1,10,1,1,1,1,1,1,1,2,1,1
1220,6,3,1,2,23,0,1,1,1,1,10,1,1,1,1,1,1,1,2,1,1
1221,6,3,1,2,23,0,1,1,1,1,22,1,1,1,1,1,1,1,2,1,0
1222,6,3,1,2,23,0,1,1,1,1,22,1,1,1,1,1,1,1,2,1,0
1223,6,3,1,2,16,0,1,1,1,1,44,1,1,1,1,1,1,1,2,1,0
1224,6,3,1,2,54,0,1,1,1,1,44,1,1,1,1,1,1,1,2,1,1
1225,6,3,1,2,59,0,1,1,1,1,10,1,1,1,1,1,1,1,2,1,0
1226,6,3,1,2,59,0,1,1,1,1,10,1,1,1,1,1,1,1,2,1,0
1227,6,3,1,2,87,0,1,1,1,1,6,1,1,1,1,1,1,1,2,1,0
1228,6,3,1,2,16,0,1,1,1,1,22,1,1,1,1,1,1,1,2,1,1
1229,6,3,1,2,16,0,1,1,1,1,22,1,1,1,1,1,1,1,2,1,0
1230,6,3,1,2,87,0,1,1,1,1,10,1,1,1,1,1,1,1,2,1,1
1231,6,3,1,2,87,0,0,1,1,1,24,1,1,1,1,1,1,1,1,1,1
