,Date,Time,Global_active_power,Global_reactive_power,Voltage,Global_intensity,Sub_metering_1,Sub_metering_2,Sub_metering_3
0,16/12/2006,17:24:00,4.216,0.418,234.84,18.4,0.0,1.0,17.0
1,16/12/2006,17:25:00,5.36,0.436,233.63,23.0,0.0,1.0,16.0
2,16/12/2006,17:26:00,5.374,0.498,233.29,23.0,0.0,2.0,17.0
3,16/12/2006,17:27:00,5.388,0.502,233.74,23.0,0.0,1.0,17.0
4,16/12/2006,17:28:00,3.6660000000000004,0.528,235.68,15.8,0.0,1.0,17.0
5,16/12/2006,17:29:00,3.52,0.522,235.02,15.0,0.0,2.0,17.0
6,16/12/2006,17:30:00,3.702,0.52,235.09,15.8,0.0,1.0,17.0
7,16/12/2006,17:31:00,3.7,0.52,235.22,15.8,0.0,1.0,17.0
8,16/12/2006,17:32:00,3.668,0.51,233.99,15.8,0.0,1.0,17.0
9,16/12/2006,17:33:00,3.662,0.51,233.86,15.8,0.0,2.0,16.0
10,16/12/2006,17:34:00,4.448,0.498,232.86,19.6,0.0,1.0,17.0
11,16/12/2006,17:35:00,5.412000000000001,0.47,232.78,23.2,0.0,1.0,17.0
12,16/12/2006,17:36:00,5.224,0.478,232.99,22.4,0.0,1.0,16.0
13,16/12/2006,17:37:00,5.268,0.39799999999999996,232.91,22.6,0.0,2.0,17.0
14,16/12/2006,17:38:00,4.053999999999999,0.42200000000000004,235.24,17.6,0.0,1.0,17.0
15,16/12/2006,17:39:00,3.384,0.282,237.14,14.2,0.0,0.0,17.0
16,16/12/2006,17:40:00,3.27,0.152,236.73,13.8,0.0,0.0,17.0
17,16/12/2006,17:41:00,3.43,0.156,237.06,14.4,0.0,0.0,17.0
18,16/12/2006,17:42:00,3.266,0.0,237.13,13.8,0.0,0.0,18.0
19,16/12/2006,17:43:00,3.728,0.0,235.84,16.4,0.0,0.0,17.0
20,16/12/2006,17:44:00,5.894,0.0,232.69,25.4,0.0,0.0,16.0
21,16/12/2006,17:45:00,7.706,0.0,230.98,33.2,0.0,0.0,17.0
22,16/12/2006,17:46:00,7.026,0.0,232.21,30.6,0.0,0.0,16.0
23,16/12/2006,17:47:00,5.1739999999999995,0.0,234.19,22.0,0.0,0.0,17.0
24,16/12/2006,17:48:00,4.474,0.0,234.96,19.4,0.0,0.0,17.0
25,16/12/2006,17:49:00,3.248,0.0,236.66,13.6,0.0,0.0,17.0
26,16/12/2006,17:50:00,3.236,0.0,235.84,13.6,0.0,0.0,17.0
27,16/12/2006,17:51:00,3.228,0.0,235.6,13.6,0.0,0.0,17.0
28,16/12/2006,17:52:00,3.258,0.0,235.49,13.8,0.0,0.0,17.0
29,16/12/2006,17:53:00,3.178,0.0,235.28,13.4,0.0,0.0,17.0
30,16/12/2006,17:54:00,2.72,0.0,235.06,11.6,0.0,0.0,17.0
31,16/12/2006,17:55:00,3.758,0.076,234.17,16.4,0.0,0.0,17.0
32,16/12/2006,17:56:00,4.342,0.09,233.77,18.4,0.0,0.0,16.0
33,16/12/2006,17:57:00,4.512,0.0,233.62,19.2,0.0,0.0,17.0
34,16/12/2006,17:58:00,4.058,0.2,234.68,17.6,0.0,0.0,17.0
35,16/12/2006,17:59:00,2.472,0.057999999999999996,236.94,10.4,0.0,0.0,17.0
36,16/12/2006,18:00:00,2.79,0.18,237.52,11.8,0.0,0.0,18.0
37,16/12/2006,18:01:00,2.6239999999999997,0.14400000000000002,238.2,11.0,0.0,0.0,17.0
38,16/12/2006,18:02:00,2.772,0.11800000000000001,238.28,11.6,0.0,0.0,17.0
39,16/12/2006,18:03:00,3.74,0.10800000000000001,236.93,16.4,0.0,16.0,18.0
40,16/12/2006,18:04:00,4.928,0.20199999999999999,235.01,21.0,0.0,37.0,16.0
41,16/12/2006,18:05:00,6.0520000000000005,0.192,232.93,26.2,0.0,37.0,17.0
42,16/12/2006,18:06:00,6.752000000000001,0.18600000000000003,232.12,29.0,0.0,36.0,17.0
43,16/12/2006,18:07:00,6.474,0.14400000000000002,231.85,27.8,0.0,37.0,16.0
44,16/12/2006,18:08:00,6.308,0.11599999999999999,232.25,27.0,0.0,36.0,17.0
45,16/12/2006,18:09:00,4.4639999999999995,0.136,234.66,19.0,0.0,37.0,16.0
46,16/12/2006,18:10:00,3.3960000000000004,0.14800000000000002,236.2,15.0,0.0,22.0,18.0
47,16/12/2006,18:11:00,3.09,0.152,237.07,13.8,0.0,12.0,17.0
48,16/12/2006,18:12:00,3.73,0.14400000000000002,235.78,16.4,0.0,27.0,17.0
49,16/12/2006,18:13:00,2.3080000000000003,0.16,237.43,9.6,0.0,1.0,17.0
50,16/12/2006,18:14:00,2.388,0.158,237.26,10.0,0.0,1.0,17.0
51,16/12/2006,18:15:00,4.598,0.1,234.25,21.4,0.0,20.0,17.0
52,16/12/2006,18:16:00,4.524,0.076,234.2,19.6,0.0,9.0,17.0
53,16/12/2006,18:17:00,4.202,0.08199999999999999,234.31,17.8,0.0,1.0,17.0
54,16/12/2006,18:18:00,4.4719999999999995,0.0,233.29,19.2,0.0,1.0,16.0
55,16/12/2006,18:19:00,2.852,0.0,235.61,12.0,0.0,1.0,17.0
56,16/12/2006,18:20:00,2.928,0.0,235.25,12.4,0.0,1.0,17.0
57,16/12/2006,18:21:00,2.94,0.0,236.04,12.4,0.0,2.0,17.0
58,16/12/2006,18:22:00,2.9339999999999997,0.0,235.51,12.4,0.0,1.0,17.0
59,16/12/2006,18:23:00,2.926,0.0,235.68,12.4,0.0,1.0,17.0
60,16/12/2006,18:24:00,3.452,0.0,235.2,15.2,0.0,1.0,17.0
61,16/12/2006,18:25:00,4.87,0.0,233.74,20.8,0.0,1.0,17.0
62,16/12/2006,18:26:00,4.868,0.0,233.84,20.8,0.0,1.0,17.0
63,16/12/2006,18:27:00,4.8660000000000005,0.0,233.79,20.8,0.0,1.0,17.0
64,16/12/2006,18:28:00,3.176,0.0,235.5,13.8,0.0,1.0,17.0
65,16/12/2006,18:29:00,2.92,0.0,235.84,12.4,0.0,1.0,17.0
66,16/12/2006,18:30:00,2.93,0.0,236.15,12.4,0.0,1.0,17.0
67,16/12/2006,18:31:00,2.912,0.05,235.81,12.4,0.0,1.0,17.0
68,16/12/2006,18:32:00,2.608,0.052000000000000005,235.41,11.0,0.0,1.0,17.0
69,16/12/2006,18:33:00,2.714,0.162,234.82,11.6,0.0,0.0,17.0
70,16/12/2006,18:34:00,3.5380000000000003,0.086,233.76,15.6,0.0,1.0,16.0
71,16/12/2006,18:35:00,6.072,0.0,232.48,26.4,0.0,27.0,17.0
72,16/12/2006,18:36:00,4.5360000000000005,0.0,233.54,19.4,0.0,1.0,17.0
73,16/12/2006,18:37:00,4.408,0.0,232.32,18.8,0.0,1.0,16.0
74,16/12/2006,18:38:00,2.912,0.048,234.02,13.0,0.0,1.0,17.0
75,16/12/2006,18:39:00,2.326,0.054000000000000006,234.76,9.8,0.0,1.0,17.0
76,16/12/2006,18:40:00,2.2640000000000002,0.054000000000000006,234.67,9.6,0.0,1.0,17.0
77,16/12/2006,18:41:00,2.27,0.054000000000000006,235.27,9.6,0.0,1.0,17.0
78,16/12/2006,18:42:00,2.258,0.054000000000000006,235.12,9.6,0.0,1.0,17.0
79,16/12/2006,18:43:00,2.188,0.068,235.8,9.2,0.0,1.0,17.0
80,16/12/2006,18:44:00,2.978,0.166,234.81,13.2,0.0,1.0,17.0
81,16/12/2006,18:45:00,4.2,0.174,234.38,17.8,0.0,1.0,17.0
82,16/12/2006,18:46:00,4.204,0.18600000000000003,234.2,17.8,0.0,1.0,16.0
83,16/12/2006,18:47:00,4.218,0.17800000000000002,233.98,18.0,0.0,1.0,17.0
84,16/12/2006,18:48:00,2.786,0.188,234.99,12.0,0.0,2.0,17.0
85,16/12/2006,18:49:00,2.54,0.08800000000000001,234.67,10.8,0.0,4.0,17.0
86,16/12/2006,18:50:00,2.496,0.08,233.92,10.6,0.0,3.0,17.0
87,16/12/2006,18:51:00,2.336,0.07,233.51,10.0,0.0,1.0,16.0
88,16/12/2006,18:52:00,2.322,0.0,233.44,9.8,0.0,0.0,17.0
89,16/12/2006,18:53:00,2.448,0.0,233.64,10.6,0.0,1.0,17.0
90,16/12/2006,18:54:00,4.298,0.0,232.39,18.4,0.0,1.0,16.0
91,16/12/2006,18:55:00,4.23,0.09,232.25,18.2,0.0,1.0,17.0
92,16/12/2006,18:56:00,4.23,0.09,232.32,18.2,0.0,2.0,16.0
93,16/12/2006,18:57:00,3.924,0.084,232.79,17.0,0.0,1.0,17.0
94,16/12/2006,18:58:00,4.218,0.09,232.09,18.0,0.0,1.0,17.0
95,16/12/2006,18:59:00,4.224,0.09,231.96,18.2,0.0,1.0,16.0
96,16/12/2006,19:00:00,4.07,0.08800000000000001,231.99,17.4,0.0,1.0,17.0
97,16/12/2006,19:01:00,3.612,0.09,232.36,15.6,0.0,2.0,16.0
98,16/12/2006,19:02:00,3.458,0.09,232.71,14.8,0.0,1.0,17.0
99,16/12/2006,19:03:00,3.4339999999999997,0.09,232.01,14.8,0.0,1.0,16.0
100,16/12/2006,19:04:00,3.366,0.0,232.78,14.4,0.0,1.0,17.0
101,16/12/2006,19:05:00,3.404,0.08199999999999999,233.08,14.6,0.0,2.0,16.0
102,16/12/2006,19:06:00,3.3819999999999997,0.07400000000000001,233.69,14.4,0.0,0.0,17.0
103,16/12/2006,19:07:00,3.616,0.106,234.44,15.4,0.0,4.0,17.0
104,16/12/2006,19:08:00,3.4760000000000004,0.092,234.6,14.8,0.0,3.0,17.0
105,16/12/2006,19:09:00,3.3939999999999997,0.064,235.12,14.4,0.0,0.0,17.0
106,16/12/2006,19:10:00,3.4,0.0,234.28,14.4,0.0,1.0,17.0
107,16/12/2006,19:11:00,3.4139999999999997,0.0,234.19,14.4,0.0,1.0,17.0
108,16/12/2006,19:12:00,3.432,0.0,234.69,14.6,0.0,1.0,16.0
109,16/12/2006,19:13:00,3.418,0.0,234.26,14.6,0.0,2.0,17.0
110,16/12/2006,19:14:00,3.392,0.0,233.3,14.4,0.0,1.0,17.0
111,16/12/2006,19:15:00,3.3939999999999997,0.0,233.43,14.4,0.0,1.0,17.0
112,16/12/2006,19:16:00,3.3939999999999997,0.0,233.45,14.4,0.0,1.0,16.0
113,16/12/2006,19:17:00,3.406,0.0,233.91,14.4,0.0,2.0,17.0
114,16/12/2006,19:18:00,3.42,0.0,234.43,14.6,0.0,1.0,17.0
115,16/12/2006,19:19:00,3.418,0.0,234.34,14.4,0.0,1.0,17.0
116,16/12/2006,19:20:00,3.4219999999999997,0.052000000000000005,234.58,14.6,0.0,1.0,17.0
117,16/12/2006,19:21:00,3.332,0.0,234.02,14.2,0.0,1.0,16.0
118,16/12/2006,19:22:00,3.3160000000000003,0.046,234.29,14.0,0.0,1.0,17.0
119,16/12/2006,19:23:00,3.3339999999999996,0.0,234.36,14.2,0.0,2.0,17.0
120,16/12/2006,19:24:00,3.262,0.052000000000000005,232.64,14.0,0.0,0.0,17.0
121,16/12/2006,19:25:00,3.4760000000000004,0.064,232.96,14.8,0.0,3.0,16.0
122,16/12/2006,19:26:00,3.62,0.09,233.47,15.4,0.0,5.0,17.0
123,16/12/2006,19:27:00,3.61,0.084,234.98,15.2,0.0,5.0,17.0
124,16/12/2006,19:28:00,3.6460000000000004,0.138,234.34,15.4,0.0,5.0,17.0
125,16/12/2006,19:29:00,3.614,0.192,233.92,15.4,0.0,5.0,17.0
126,16/12/2006,19:30:00,3.408,0.162,233.94,14.4,0.0,2.0,16.0
127,16/12/2006,19:31:00,3.388,0.134,233.72,14.4,0.0,1.0,17.0
128,16/12/2006,19:32:00,3.372,0.132,233.2,14.4,0.0,2.0,17.0
129,16/12/2006,19:33:00,3.37,0.132,233.1,14.4,0.0,1.0,16.0
130,16/12/2006,19:34:00,3.342,0.12,232.29,14.4,0.0,1.0,17.0
131,16/12/2006,19:35:00,3.284,0.0,232.45,14.0,0.0,2.0,16.0
132,16/12/2006,19:36:00,3.2760000000000002,0.0,231.97,14.0,0.0,1.0,17.0
133,16/12/2006,19:37:00,3.3819999999999997,0.13,232.42,14.4,0.0,2.0,17.0
134,16/12/2006,19:38:00,3.418,0.16,233.38,14.6,0.0,1.0,16.0
135,16/12/2006,19:39:00,3.3960000000000004,0.158,232.69,14.6,0.0,1.0,17.0
136,16/12/2006,19:40:00,3.406,0.158,233.2,14.6,0.0,2.0,16.0
137,16/12/2006,19:41:00,3.406,0.158,233.26,14.6,0.0,1.0,17.0
138,16/12/2006,19:42:00,3.392,0.156,232.84,14.4,0.0,1.0,17.0
139,16/12/2006,19:43:00,3.378,0.154,232.39,14.4,0.0,2.0,16.0
140,16/12/2006,19:44:00,3.3680000000000003,0.154,232.14,14.4,0.0,1.0,17.0
141,16/12/2006,19:45:00,3.35,0.152,231.57,14.4,0.0,1.0,16.0
142,16/12/2006,19:46:00,3.352,0.152,231.66,14.4,0.0,2.0,17.0
143,16/12/2006,19:47:00,3.364,0.154,232.22,14.4,0.0,1.0,16.0
144,16/12/2006,19:48:00,3.38,0.156,232.81,14.4,0.0,1.0,17.0
145,16/12/2006,19:49:00,3.404,0.16,233.77,14.4,0.0,1.0,17.0
146,16/12/2006,19:50:00,3.378,0.156,232.82,14.4,0.0,2.0,16.0
147,16/12/2006,19:51:00,3.388,0.158,233.22,14.4,0.0,1.0,17.0
148,16/12/2006,19:52:00,3.3760000000000003,0.156,232.84,14.4,0.0,1.0,17.0
149,16/12/2006,19:53:00,3.2539999999999996,0.0,232.75,13.8,0.0,0.0,16.0
150,16/12/2006,19:54:00,3.214,0.078,232.64,13.8,0.0,0.0,17.0
151,16/12/2006,19:55:00,3.202,0.078,232.2,13.8,0.0,0.0,16.0
152,16/12/2006,19:56:00,3.202,0.078,232.2,13.8,0.0,0.0,17.0
153,16/12/2006,19:57:00,3.2119999999999997,0.078,232.58,13.8,0.0,0.0,16.0
154,16/12/2006,19:58:00,3.2060000000000004,0.078,232.4,13.8,0.0,0.0,17.0
155,16/12/2006,19:59:00,3.214,0.078,232.66,13.8,0.0,0.0,17.0
156,16/12/2006,20:00:00,3.2060000000000004,0.078,232.43,13.8,0.0,0.0,16.0
157,16/12/2006,20:01:00,3.222,0.078,233.02,13.8,0.0,0.0,17.0
158,16/12/2006,20:02:00,3.216,0.076,232.8,13.8,0.0,0.0,16.0
159,16/12/2006,20:03:00,3.216,0.078,232.79,13.8,0.0,0.0,17.0
160,16/12/2006,20:04:00,3.194,0.078,231.98,13.6,0.0,0.0,16.0
161,16/12/2006,20:05:00,3.278,0.0,232.88,14.0,0.0,0.0,17.0
162,16/12/2006,20:06:00,3.282,0.0,232.52,14.0,0.0,0.0,17.0
163,16/12/2006,20:07:00,3.292,0.0,232.87,14.0,0.0,0.0,16.0
164,16/12/2006,20:08:00,3.3160000000000003,0.0,233.78,14.0,0.0,0.0,17.0
165,16/12/2006,20:09:00,3.37,0.08,233.69,14.4,0.0,0.0,17.0
166,16/12/2006,20:10:00,3.42,0.14400000000000002,234.04,14.6,0.0,0.0,17.0
167,16/12/2006,20:11:00,3.41,0.142,233.93,14.6,0.0,0.0,16.0
168,16/12/2006,20:12:00,3.4,0.14,233.62,14.4,0.0,0.0,17.0
169,16/12/2006,20:13:00,3.4,0.14,233.64,14.4,0.0,0.0,17.0
170,16/12/2006,20:14:00,3.388,0.14,233.26,14.4,0.0,0.0,16.0
171,16/12/2006,20:15:00,3.37,0.086,233.9,14.4,0.0,0.0,17.0
172,16/12/2006,20:16:00,3.332,0.0,233.68,14.2,0.0,0.0,17.0
173,16/12/2006,20:17:00,3.31,0.0,232.83,14.2,0.0,0.0,17.0
174,16/12/2006,20:18:00,3.312,0.0,233.0,14.2,0.0,0.0,16.0
175,16/12/2006,20:19:00,3.3139999999999996,0.0,233.08,14.2,0.0,0.0,17.0
176,16/12/2006,20:20:00,3.302,0.0,232.69,14.2,0.0,0.0,16.0
177,16/12/2006,20:21:00,3.302,0.0,232.91,14.0,0.0,0.0,17.0
178,16/12/2006,20:22:00,3.3,0.0,232.87,14.0,0.0,0.0,17.0
179,16/12/2006,20:23:00,3.29,0.0,232.42,14.0,0.0,0.0,16.0
180,16/12/2006,20:24:00,3.286,0.0,232.31,14.0,0.0,0.0,17.0
181,16/12/2006,20:25:00,3.23,0.052000000000000005,232.79,13.8,0.0,0.0,16.0
182,16/12/2006,20:26:00,3.218,0.078,233.05,13.8,0.0,0.0,17.0
183,16/12/2006,20:27:00,3.258,0.076,234.57,13.8,0.0,0.0,17.0
184,16/12/2006,20:28:00,3.264,0.076,234.79,13.8,0.0,0.0,17.0
185,16/12/2006,20:29:00,3.26,0.076,234.6,13.8,0.0,0.0,17.0
186,16/12/2006,20:30:00,3.262,0.076,234.54,13.8,0.0,0.0,17.0
187,16/12/2006,20:31:00,3.264,0.076,234.6,13.8,0.0,0.0,16.0
188,16/12/2006,20:32:00,3.238,0.076,233.77,13.8,0.0,0.0,17.0
189,16/12/2006,20:33:00,3.228,0.078,233.5,13.8,0.0,0.0,17.0
190,16/12/2006,20:34:00,3.222,0.078,233.27,13.8,0.0,0.0,17.0
191,16/12/2006,20:35:00,3.2260000000000004,0.078,233.37,13.8,0.0,0.0,16.0
192,16/12/2006,20:36:00,3.2060000000000004,0.078,232.64,13.6,0.0,0.0,17.0
193,16/12/2006,20:37:00,3.188,0.08,231.95,13.6,0.0,0.0,16.0
194,16/12/2006,20:38:00,3.196,0.08,232.21,13.6,0.0,0.0,17.0
195,16/12/2006,20:39:00,3.2039999999999997,0.078,232.5,13.6,0.0,0.0,16.0
196,16/12/2006,20:40:00,3.2319999999999998,0.078,233.63,13.8,0.0,0.0,17.0
197,16/12/2006,20:41:00,3.2539999999999996,0.07400000000000001,234.43,13.8,0.0,0.0,17.0
198,16/12/2006,20:42:00,3.3760000000000003,0.05,234.63,14.4,0.0,0.0,17.0
199,16/12/2006,20:43:00,3.372,0.048,235.05,14.2,0.0,0.0,17.0
200,16/12/2006,20:44:00,3.366,0.048,234.96,14.2,0.0,0.0,17.0
201,16/12/2006,20:45:00,3.386,0.05,235.77,14.2,0.0,0.0,17.0
202,16/12/2006,20:46:00,3.4960000000000004,0.146,236.76,14.8,0.0,0.0,17.0
203,16/12/2006,20:47:00,3.426,0.146,234.59,14.6,0.0,0.0,17.0
204,16/12/2006,20:48:00,3.44,0.14800000000000002,235.13,14.6,0.0,0.0,17.0
205,16/12/2006,20:49:00,3.44,0.146,235.14,14.6,0.0,0.0,17.0
206,16/12/2006,20:50:00,3.4539999999999997,0.15,235.75,14.6,0.0,0.0,17.0
207,16/12/2006,20:51:00,3.45,0.15,235.69,14.6,0.0,0.0,17.0
208,16/12/2006,20:52:00,3.48,0.154,236.86,14.6,0.0,0.0,17.0
209,16/12/2006,20:53:00,3.4739999999999998,0.152,236.72,14.6,0.0,0.0,17.0
210,16/12/2006,20:54:00,3.4560000000000004,0.15,236.05,14.6,0.0,0.0,17.0
211,16/12/2006,20:55:00,1.8319999999999999,0.17,237.54,8.4,0.0,0.0,17.0
212,16/12/2006,20:56:00,2.044,0.102,237.44,9.4,0.0,0.0,18.0
213,16/12/2006,20:57:00,3.3539999999999996,0.0,237.0,14.0,0.0,0.0,17.0
214,16/12/2006,20:58:00,3.282,0.07400000000000001,235.55,13.8,0.0,0.0,17.0
215,16/12/2006,20:59:00,3.3080000000000003,0.07400000000000001,236.51,14.0,0.0,0.0,17.0
216,16/12/2006,21:00:00,3.3139999999999996,0.07200000000000001,236.76,14.0,0.0,0.0,17.0
217,16/12/2006,21:01:00,3.306,0.07200000000000001,237.11,13.8,0.0,0.0,17.0
218,16/12/2006,21:02:00,1.692,0.054000000000000006,238.72,7.8,0.0,0.0,18.0
219,16/12/2006,21:03:00,3.342,0.07,237.66,14.0,0.0,0.0,17.0
220,16/12/2006,21:04:00,3.3539999999999996,0.07,238.2,14.0,0.0,0.0,17.0
221,16/12/2006,21:05:00,3.3339999999999996,0.07200000000000001,237.46,14.0,0.0,0.0,18.0
222,16/12/2006,21:06:00,3.33,0.07200000000000001,237.36,14.0,0.0,0.0,17.0
223,16/12/2006,21:07:00,2.74,0.064,238.13,12.0,0.0,0.0,17.0
224,16/12/2006,21:08:00,2.188,0.06,237.74,10.0,0.0,0.0,18.0
225,16/12/2006,21:09:00,3.33,0.07,237.26,14.0,0.0,0.0,17.0
226,16/12/2006,21:10:00,3.34,0.07,237.69,14.0,0.0,0.0,17.0
227,16/12/2006,21:11:00,3.306,0.07200000000000001,236.44,14.0,0.0,0.0,17.0
228,16/12/2006,21:12:00,3.0439999999999996,0.07200000000000001,236.23,13.2,0.0,0.0,17.0
229,16/12/2006,21:13:00,1.766,0.057999999999999996,237.7,8.2,0.0,0.0,18.0
230,16/12/2006,21:14:00,3.3760000000000003,0.0,235.73,14.2,0.0,0.0,17.0
231,16/12/2006,21:15:00,3.4139999999999997,0.052000000000000005,236.51,14.4,0.0,0.0,17.0
232,16/12/2006,21:16:00,3.426,0.054000000000000006,237.11,14.4,0.0,0.0,17.0
233,16/12/2006,21:17:00,3.42,0.054000000000000006,237.06,14.4,0.0,0.0,17.0
234,16/12/2006,21:18:00,1.876,0.07400000000000001,238.63,8.6,0.0,0.0,18.0
235,16/12/2006,21:19:00,3.4419999999999997,0.055999999999999994,237.58,14.4,0.0,0.0,17.0
236,16/12/2006,21:20:00,3.4139999999999997,0.054000000000000006,236.87,14.4,0.0,0.0,17.0
237,16/12/2006,21:21:00,3.412,0.055999999999999994,236.94,14.4,0.0,0.0,17.0
238,16/12/2006,21:22:00,2.542,0.068,238.17,11.4,0.0,0.0,18.0
239,16/12/2006,21:23:00,2.82,0.062,237.42,12.4,0.0,0.0,17.0
240,16/12/2006,21:24:00,3.41,0.054000000000000006,236.91,14.4,0.0,0.0,17.0
241,16/12/2006,21:25:00,3.392,0.052000000000000005,236.24,14.2,0.0,0.0,17.0
242,16/12/2006,21:26:00,2.878,0.06,237.17,12.6,0.0,0.0,17.0
243,16/12/2006,21:27:00,1.848,0.11199999999999999,238.59,8.4,0.0,0.0,18.0
244,16/12/2006,21:28:00,3.4939999999999998,0.14400000000000002,237.43,14.6,0.0,0.0,17.0
245,16/12/2006,21:29:00,3.42,0.0,237.73,14.2,0.0,0.0,17.0
246,16/12/2006,21:30:00,3.2260000000000004,0.0,237.2,13.8,0.0,0.0,18.0
247,16/12/2006,21:31:00,1.9480000000000002,0.0,238.41,9.0,0.0,0.0,17.0
248,16/12/2006,21:32:00,3.392,0.0,236.6,14.2,0.0,0.0,17.0
249,16/12/2006,21:33:00,3.3680000000000003,0.0,236.12,14.2,0.0,0.0,17.0
250,16/12/2006,21:34:00,3.378,0.0,236.54,14.2,0.0,0.0,17.0
251,16/12/2006,21:35:00,1.8719999999999999,0.0,238.48,8.6,0.0,0.0,18.0
252,16/12/2006,21:36:00,3.2119999999999997,0.0,237.27,13.6,0.0,0.0,17.0
253,16/12/2006,21:37:00,3.346,0.0,237.06,14.0,0.0,0.0,17.0
254,16/12/2006,21:38:00,3.3080000000000003,0.07200000000000001,236.49,14.0,0.0,0.0,17.0
255,16/12/2006,21:39:00,3.302,0.07200000000000001,236.28,13.8,0.0,0.0,17.0
256,16/12/2006,21:40:00,2.36,0.064,236.89,10.8,0.0,0.0,18.0
257,16/12/2006,21:41:00,2.6519999999999997,0.046,236.64,11.8,0.0,0.0,17.0
258,16/12/2006,21:42:00,3.392,0.0,236.58,14.2,0.0,1.0,17.0
259,16/12/2006,21:43:00,3.398,0.0,236.83,14.2,0.0,2.0,17.0
260,16/12/2006,21:44:00,3.424,0.046,237.75,14.4,0.0,1.0,17.0
261,16/12/2006,21:45:00,1.86,0.066,239.69,8.4,0.0,2.0,18.0
262,16/12/2006,21:46:00,3.25,0.08199999999999999,238.95,13.8,0.0,1.0,17.0
263,16/12/2006,21:47:00,3.502,0.172,236.46,14.8,0.0,1.0,18.0
264,16/12/2006,21:48:00,3.484,0.17,235.98,14.6,0.0,2.0,17.0
265,16/12/2006,21:49:00,3.478,0.168,235.85,14.6,0.0,1.0,17.0
266,16/12/2006,21:50:00,1.696,0.19399999999999998,238.19,7.6,0.0,2.0,17.0
267,16/12/2006,21:51:00,3.4939999999999998,0.17,236.28,14.8,0.0,1.0,17.0
268,16/12/2006,21:52:00,3.4819999999999998,0.17,236.4,14.6,0.0,1.0,17.0
269,16/12/2006,21:53:00,3.48,0.17,236.46,14.6,0.0,2.0,17.0
270,16/12/2006,21:54:00,3.4739999999999998,0.168,236.28,14.6,0.0,1.0,17.0
271,16/12/2006,21:55:00,2.3080000000000003,0.184,237.33,10.6,0.0,1.0,18.0
272,16/12/2006,21:56:00,2.926,0.17800000000000002,237.09,12.8,0.0,2.0,17.0
273,16/12/2006,21:57:00,3.472,0.17,236.39,14.6,0.0,1.0,17.0
274,16/12/2006,21:58:00,3.48,0.17,236.75,14.6,0.0,1.0,17.0
275,16/12/2006,21:59:00,3.4539999999999997,0.168,235.73,14.6,0.0,2.0,17.0
276,16/12/2006,22:00:00,3.464,0.17,236.03,14.6,0.0,1.0,17.0
277,16/12/2006,22:01:00,1.786,0.096,237.68,8.2,0.0,1.0,18.0
278,16/12/2006,22:02:00,3.182,0.0,235.99,13.6,0.0,1.0,17.0
279,16/12/2006,22:03:00,3.378,0.0,236.26,14.2,0.0,2.0,17.0
280,16/12/2006,22:04:00,3.372,0.0,236.03,14.2,0.0,1.0,17.0
281,16/12/2006,22:05:00,3.362,0.0,235.7,14.2,0.0,1.0,17.0
282,16/12/2006,22:06:00,3.112,0.0,236.08,13.4,0.0,1.0,17.0
283,16/12/2006,22:07:00,1.614,0.055999999999999994,237.31,7.4,0.0,0.0,17.0
284,16/12/2006,22:08:00,3.358,0.0,236.14,14.2,0.0,0.0,17.0
285,16/12/2006,22:09:00,3.388,0.0,236.61,14.2,0.0,0.0,17.0
286,16/12/2006,22:10:00,3.392,0.0,236.93,14.2,0.0,0.0,17.0
287,16/12/2006,22:11:00,2.81,0.0,237.97,12.4,0.0,0.0,18.0
288,16/12/2006,22:12:00,2.18,0.0,238.02,10.0,0.0,0.0,17.0
289,16/12/2006,22:13:00,3.37,0.0,236.06,14.2,0.0,0.0,17.0
290,16/12/2006,22:14:00,3.326,0.0,234.45,14.0,0.0,0.0,17.0
291,16/12/2006,22:15:00,2.778,0.0,235.31,12.0,0.0,0.0,9.0
292,16/12/2006,22:16:00,2.358,0.0,237.1,9.8,0.0,0.0,0.0
293,16/12/2006,22:17:00,0.96,0.054000000000000006,238.68,5.6,0.0,0.0,0.0
294,16/12/2006,22:18:00,1.6059999999999999,0.0,238.76,7.8,0.0,0.0,0.0
295,16/12/2006,22:19:00,2.35,0.0,238.59,9.8,0.0,0.0,0.0
296,16/12/2006,22:20:00,2.428,0.068,238.87,10.0,0.0,0.0,0.0
297,16/12/2006,22:21:00,2.0780000000000003,0.07200000000000001,238.97,9.2,0.0,0.0,0.0
298,16/12/2006,22:22:00,0.78,0.09,239.93,4.6,0.0,0.0,0.0
299,16/12/2006,22:23:00,2.426,0.068,239.05,10.0,0.0,0.0,0.0
300,16/12/2006,22:24:00,2.412,0.066,238.46,10.0,0.0,0.0,0.0
301,16/12/2006,22:25:00,2.428,0.07,239.68,10.0,0.0,0.0,0.0
302,16/12/2006,22:26:00,1.53,0.084,240.72,7.6,0.0,0.0,0.0
303,16/12/2006,22:27:00,1.3880000000000001,0.086,240.87,7.2,0.0,0.0,0.0
304,16/12/2006,22:28:00,2.424,0.07,239.71,10.0,0.0,0.0,0.0
305,16/12/2006,22:29:00,2.428,0.07200000000000001,239.89,10.0,0.0,0.0,0.0
306,16/12/2006,22:30:00,2.388,0.07,239.48,10.0,0.0,0.0,0.0
307,16/12/2006,22:31:00,0.376,0.1,241.64,1.6,0.0,0.0,0.0
308,16/12/2006,22:32:00,2.202,0.07400000000000001,240.07,9.6,0.0,0.0,0.0
309,16/12/2006,22:33:00,2.43,0.07,239.77,10.0,0.0,0.0,0.0
310,16/12/2006,22:34:00,2.346,0.052000000000000005,240.05,9.6,0.0,0.0,0.0
311,16/12/2006,22:35:00,1.916,0.054000000000000006,239.75,8.6,0.0,0.0,0.0
312,16/12/2006,22:36:00,0.384,0.0,240.58,2.4,0.0,0.0,0.0
313,16/12/2006,22:37:00,2.334,0.06,239.2,9.6,0.0,0.0,0.0
314,16/12/2006,22:38:00,2.32,0.06,238.84,9.6,0.0,0.0,0.0
315,16/12/2006,22:39:00,2.306,0.062,238.39,9.6,0.0,0.0,0.0
316,16/12/2006,22:40:00,2.306,0.064,238.39,9.6,0.0,0.0,0.0
317,16/12/2006,22:41:00,0.436,0.0,241.06,2.8,0.0,0.0,0.0
318,16/12/2006,22:42:00,1.584,0.05,240.89,7.8,0.0,0.0,0.0
319,16/12/2006,22:43:00,2.3280000000000003,0.062,239.46,9.6,0.0,0.0,0.0
320,16/12/2006,22:44:00,2.326,0.062,239.27,9.6,0.0,0.0,0.0
321,16/12/2006,22:45:00,2.334,0.06,239.57,9.6,0.0,0.0,0.0
322,16/12/2006,22:46:00,1.8459999999999999,0.054000000000000006,239.99,8.4,0.0,0.0,0.0
323,16/12/2006,22:47:00,0.284,0.0,242.04,1.2,0.0,0.0,0.0
324,16/12/2006,22:48:00,2.342,0.06,239.89,9.8,0.0,0.0,0.0
325,16/12/2006,22:49:00,2.392,0.0,239.91,10.0,0.0,0.0,0.0
326,16/12/2006,22:50:00,2.414,0.0,240.02,10.0,0.0,0.0,0.0
327,16/12/2006,22:51:00,2.414,0.0,239.97,10.0,0.0,0.0,0.0
328,16/12/2006,22:52:00,0.754,0.086,241.27,4.4,0.0,0.0,0.0
329,16/12/2006,22:53:00,1.42,0.17800000000000002,238.64,7.4,0.0,0.0,0.0
330,16/12/2006,22:54:00,2.468,0.162,237.47,10.4,0.0,0.0,0.0
331,16/12/2006,22:55:00,2.474,0.16399999999999998,238.05,10.4,0.0,0.0,0.0
332,16/12/2006,22:56:00,2.488,0.168,239.03,10.4,0.0,0.0,0.0
333,16/12/2006,22:57:00,1.81,0.182,240.28,8.6,0.0,0.0,0.0
334,16/12/2006,22:58:00,0.674,0.2,241.36,4.0,0.0,0.0,0.0
335,16/12/2006,22:59:00,2.444,0.094,239.42,10.2,0.0,0.0,0.0
336,16/12/2006,23:00:00,2.41,0.068,238.9,10.0,0.0,0.0,0.0
337,16/12/2006,23:01:00,2.412,0.07,239.13,10.0,0.0,0.0,0.0
338,16/12/2006,23:02:00,2.206,0.07200000000000001,239.37,9.4,0.0,0.0,0.0
339,16/12/2006,23:03:00,0.37,0.1,241.58,1.6,0.0,0.0,0.0
340,16/12/2006,23:04:00,2.104,0.076,240.11,9.2,0.0,0.0,0.0
341,16/12/2006,23:05:00,2.404,0.068,238.73,10.0,0.0,0.0,0.0
342,16/12/2006,23:06:00,2.418,0.07,239.52,10.0,0.0,0.0,0.0
343,16/12/2006,23:07:00,2.342,0.0,239.74,9.6,0.0,0.0,0.0
344,16/12/2006,23:08:00,1.262,0.046,240.96,6.8,0.0,0.0,0.0
345,16/12/2006,23:09:00,0.852,0.0,241.64,5.2,0.0,0.0,0.0
346,16/12/2006,23:10:00,2.34,0.06,240.05,9.6,0.0,0.0,0.0
347,16/12/2006,23:11:00,2.336,0.06,240.07,9.6,0.0,0.0,0.0
348,16/12/2006,23:12:00,2.334,0.06,239.99,9.6,0.0,0.0,0.0
349,16/12/2006,23:13:00,2.33,0.06,239.74,9.6,0.0,0.0,0.0
350,16/12/2006,23:14:00,1.038,0.0,241.17,6.0,0.0,0.0,0.0
351,16/12/2006,23:15:00,0.386,0.0,242.39,2.4,0.0,0.0,0.0
352,16/12/2006,23:16:00,2.35,0.06,240.41,9.6,0.0,0.0,0.0
353,16/12/2006,23:17:00,2.346,0.06,240.5,9.6,0.0,0.0,0.0
354,16/12/2006,23:18:00,2.346,0.06,240.55,9.6,0.0,0.0,0.0
355,16/12/2006,23:19:00,1.834,0.052000000000000005,240.97,8.4,0.0,0.0,0.0
356,16/12/2006,23:20:00,1.222,0.046,241.58,6.6,0.0,0.0,0.0
357,16/12/2006,23:21:00,2.342,0.06,240.21,9.6,0.0,0.0,0.0
358,16/12/2006,23:22:00,2.334,0.06,239.98,9.6,0.0,0.0,0.0
359,16/12/2006,23:23:00,1.666,0.052000000000000005,240.65,8.0,0.0,0.0,0.0
360,16/12/2006,23:24:00,1.198,0.0,241.68,6.6,0.0,0.0,0.0
361,16/12/2006,23:25:00,2.35,0.057999999999999996,240.7,9.6,0.0,0.0,0.0
362,16/12/2006,23:26:00,2.398,0.0,240.7,9.8,0.0,0.0,0.0
363,16/12/2006,23:27:00,2.444,0.07200000000000001,240.11,10.2,0.0,0.0,0.0
364,16/12/2006,23:28:00,0.406,0.098,241.71,2.0,0.0,0.0,0.0
365,16/12/2006,23:29:00,2.434,0.07200000000000001,240.13,10.0,0.0,0.0,0.0
366,16/12/2006,23:30:00,2.502,0.136,240.24,10.4,0.0,0.0,0.0
367,16/12/2006,23:31:00,2.5180000000000002,0.17600000000000002,240.53,10.4,0.0,0.0,0.0
368,16/12/2006,23:32:00,1.516,0.19,241.36,7.6,0.0,0.0,0.0
369,16/12/2006,23:33:00,1.4980000000000002,0.188,241.02,7.6,0.0,0.0,0.0
370,16/12/2006,23:34:00,2.508,0.174,240.06,10.4,0.0,0.0,0.0
371,16/12/2006,23:35:00,2.504,0.174,240.09,10.4,0.0,0.0,0.0
372,16/12/2006,23:36:00,2.492,0.172,239.49,10.4,0.0,0.0,0.0
373,16/12/2006,23:37:00,0.8140000000000001,0.204,242.16,4.8,0.0,0.0,0.0
374,16/12/2006,23:38:00,2.3040000000000003,0.18,240.95,9.8,0.0,0.0,0.0
375,16/12/2006,23:39:00,2.53,0.182,241.74,10.4,0.0,0.0,0.0
376,16/12/2006,23:40:00,2.378,0.0,241.18,9.8,0.0,0.0,0.0
377,16/12/2006,23:41:00,0.384,0.0,243.73,2.4,0.0,0.0,0.0
378,16/12/2006,23:42:00,2.37,0.057999999999999996,241.48,9.8,0.0,0.0,0.0
379,16/12/2006,23:43:00,2.358,0.057999999999999996,241.13,9.6,0.0,0.0,0.0
380,16/12/2006,23:44:00,2.352,0.057999999999999996,240.96,9.6,0.0,0.0,0.0
381,16/12/2006,23:45:00,0.41600000000000004,0.0,242.94,2.4,0.0,0.0,0.0
382,16/12/2006,23:46:00,2.654,0.062,240.74,11.0,0.0,0.0,0.0
383,16/12/2006,23:47:00,2.54,0.06,241.23,10.4,0.0,0.0,0.0
384,16/12/2006,23:48:00,2.526,0.057999999999999996,241.79,10.8,0.0,0.0,0.0
385,16/12/2006,23:49:00,1.206,0.0,241.83,5.4,0.0,0.0,0.0
386,16/12/2006,23:50:00,3.844,0.14800000000000002,238.71,16.6,0.0,0.0,0.0
387,16/12/2006,23:51:00,4.122,0.14,237.99,17.6,0.0,0.0,0.0
388,16/12/2006,23:52:00,3.458,0.0,238.89,14.8,0.0,0.0,0.0
389,16/12/2006,23:53:00,1.9880000000000002,0.05,240.26,9.2,0.0,0.0,0.0
390,16/12/2006,23:54:00,0.596,0.0,240.88,2.4,0.0,0.0,0.0
391,16/12/2006,23:55:00,1.29,0.0,240.69,6.8,0.0,0.0,0.0
392,16/12/2006,23:56:00,2.73,0.06,239.43,11.4,0.0,1.0,0.0
393,16/12/2006,23:57:00,2.734,0.062,239.81,11.4,0.0,2.0,0.0
394,16/12/2006,23:58:00,2.764,0.066,241.27,11.4,0.0,1.0,0.0
395,16/12/2006,23:59:00,2.5860000000000003,0.07,241.63,11.0,0.0,1.0,0.0
396,17/12/2006,00:00:00,1.044,0.152,242.73,4.4,0.0,2.0,0.0
397,17/12/2006,00:01:00,1.52,0.22,242.2,7.4,0.0,1.0,0.0
398,17/12/2006,00:02:00,3.0380000000000003,0.19399999999999998,240.14,12.6,0.0,2.0,0.0
399,17/12/2006,00:03:00,2.9739999999999998,0.19399999999999998,239.97,12.4,0.0,1.0,0.0
400,17/12/2006,00:04:00,2.846,0.198,240.39,11.8,0.0,2.0,0.0
401,17/12/2006,00:05:00,2.8480000000000003,0.198,240.59,11.8,0.0,1.0,0.0
402,17/12/2006,00:06:00,2.858,0.20199999999999999,241.14,11.8,0.0,1.0,0.0
403,17/12/2006,00:07:00,2.472,0.20800000000000002,241.62,10.8,0.0,2.0,0.0
404,17/12/2006,00:08:00,0.6579999999999999,0.244,243.75,3.0,0.0,1.0,0.0
405,17/12/2006,00:09:00,0.838,0.33399999999999996,242.09,4.8,0.0,2.0,0.0
406,17/12/2006,00:10:00,2.608,0.298,239.45,10.8,0.0,1.0,0.0
407,17/12/2006,00:11:00,2.5980000000000003,0.29600000000000004,239.44,10.8,0.0,1.0,0.0
408,17/12/2006,00:12:00,2.56,0.28600000000000003,238.71,10.8,0.0,2.0,0.0
409,17/12/2006,00:13:00,2.526,0.278,236.95,10.6,0.0,1.0,0.0
410,17/12/2006,00:14:00,2.472,0.19399999999999998,237.55,10.4,0.0,1.0,0.0
411,17/12/2006,00:15:00,1.6580000000000001,0.166,238.48,8.0,0.0,1.0,0.0
412,17/12/2006,00:16:00,0.42200000000000004,0.184,239.79,1.8,0.0,2.0,0.0
413,17/12/2006,00:17:00,0.79,0.17800000000000002,239.47,4.6,0.0,1.0,0.0
414,17/12/2006,00:18:00,2.436,0.12,238.51,10.2,0.0,1.0,0.0
415,17/12/2006,00:19:00,2.396,0.055999999999999994,239.03,10.0,0.0,1.0,0.0
416,17/12/2006,00:20:00,2.338,0.0,238.37,9.8,0.0,1.0,0.0
417,17/12/2006,00:21:00,2.3040000000000003,0.062,238.38,9.6,0.0,0.0,0.0
418,17/12/2006,00:22:00,0.276,0.0,240.56,1.2,0.0,0.0,0.0
419,17/12/2006,00:23:00,0.7120000000000001,0.0,239.84,4.6,0.0,0.0,0.0
420,17/12/2006,00:24:00,2.332,0.06,239.11,9.6,0.0,0.0,0.0
421,17/12/2006,00:25:00,2.344,0.057999999999999996,239.99,9.6,0.0,0.0,0.0
422,17/12/2006,00:26:00,2.354,0.057999999999999996,240.64,9.8,0.0,0.0,0.0
423,17/12/2006,00:27:00,2.332,0.06,239.45,9.6,0.0,0.0,0.0
424,17/12/2006,00:28:00,2.3680000000000003,0.055999999999999994,241.4,9.8,0.0,0.0,0.0
425,17/12/2006,00:29:00,0.612,0.0,243.68,4.0,0.0,0.0,0.0
426,17/12/2006,00:30:00,0.28600000000000003,0.0,244.03,1.2,0.0,0.0,0.0
427,17/12/2006,00:31:00,1.952,0.05,242.07,8.8,0.0,0.0,0.0
428,17/12/2006,00:32:00,2.376,0.055999999999999994,241.86,9.8,0.0,0.0,0.0
429,17/12/2006,00:33:00,2.374,0.055999999999999994,241.7,9.8,0.0,0.0,0.0
430,17/12/2006,00:34:00,2.406,0.0,240.0,10.0,0.0,0.0,0.0
431,17/12/2006,00:35:00,1.004,0.094,242.0,5.6,0.0,0.0,0.0
432,17/12/2006,00:36:00,0.38799999999999996,0.10400000000000001,242.58,1.6,0.0,0.0,0.0
433,17/12/2006,00:37:00,1.4580000000000002,0.09,242.3,7.4,0.0,0.0,0.0
434,17/12/2006,00:38:00,2.48,0.078,241.86,10.2,0.0,0.0,0.0
435,17/12/2006,00:39:00,2.454,0.07400000000000001,240.76,10.2,0.0,0.0,0.0
436,17/12/2006,00:40:00,2.468,0.078,241.52,10.2,0.0,0.0,0.0
437,17/12/2006,00:41:00,2.028,0.084,241.88,9.0,0.0,0.0,0.0
438,17/12/2006,00:42:00,0.382,0.10800000000000001,243.65,1.6,0.0,0.0,0.0
439,17/12/2006,00:43:00,0.902,0.098,242.62,5.2,0.0,0.0,0.0
440,17/12/2006,00:44:00,2.4659999999999997,0.076,241.43,10.2,0.0,0.0,0.0
441,17/12/2006,00:45:00,2.456,0.076,241.18,10.2,0.0,0.0,0.0
442,17/12/2006,00:46:00,2.45,0.07400000000000001,240.82,10.0,0.0,0.0,0.0
443,17/12/2006,00:47:00,2.448,0.07400000000000001,240.78,10.0,0.0,0.0,0.0
444,17/12/2006,00:48:00,0.93,0.0,242.94,5.6,0.0,0.0,0.0
445,17/12/2006,00:49:00,0.28600000000000003,0.0,243.84,1.2,0.0,0.0,0.0
446,17/12/2006,00:50:00,1.376,0.0,243.11,7.2,0.0,0.0,0.0
447,17/12/2006,00:51:00,2.456,0.048,241.98,10.0,0.0,0.0,0.0
448,17/12/2006,00:52:00,2.456,0.048,242.01,10.0,0.0,0.0,0.0
449,17/12/2006,00:53:00,2.444,0.046,241.38,10.0,0.0,0.0,0.0
450,17/12/2006,00:54:00,2.122,0.048,240.91,9.2,0.0,0.0,0.0
451,17/12/2006,00:55:00,0.35600000000000004,0.07,242.13,1.4,0.0,0.0,0.0
452,17/12/2006,00:56:00,0.9520000000000001,0.062,241.5,5.6,0.0,0.0,0.0
453,17/12/2006,00:57:00,2.426,0.0,240.45,10.0,0.0,0.0,0.0
454,17/12/2006,00:58:00,2.42,0.0,240.35,10.0,0.0,0.0,0.0
455,17/12/2006,00:59:00,2.412,0.0,240.65,10.0,0.0,0.0,0.0
456,17/12/2006,01:00:00,1.008,0.0,242.35,5.4,0.0,0.0,0.0
457,17/12/2006,01:01:00,0.43,0.0,243.4,1.8,0.0,0.0,0.0
458,17/12/2006,01:02:00,2.676,0.08800000000000001,240.69,11.4,0.0,0.0,0.0
459,17/12/2006,01:03:00,3.766,0.20800000000000002,239.13,15.6,0.0,0.0,0.0
460,17/12/2006,01:04:00,4.582,0.258,238.08,19.6,0.0,13.0,0.0
461,17/12/2006,01:05:00,5.282,0.15,237.38,22.4,0.0,35.0,0.0
462,17/12/2006,01:06:00,2.362,0.096,241.35,10.4,0.0,28.0,0.0
463,17/12/2006,01:07:00,3.25,0.084,240.95,13.6,0.0,37.0,0.0
464,17/12/2006,01:08:00,4.618,0.10400000000000001,239.61,19.6,0.0,27.0,0.0
465,17/12/2006,01:09:00,5.242000000000001,0.17800000000000002,239.49,21.8,0.0,37.0,0.0
466,17/12/2006,01:10:00,4.86,0.198,239.65,20.2,0.0,36.0,0.0
467,17/12/2006,01:11:00,3.738,0.23800000000000002,240.39,16.0,0.0,36.0,0.0
468,17/12/2006,01:12:00,3.426,0.256,240.31,14.4,0.0,37.0,0.0
469,17/12/2006,01:13:00,5.254,0.214,238.15,22.0,0.0,35.0,0.0
470,17/12/2006,01:14:00,5.246,0.23,237.91,22.0,0.0,36.0,0.0
471,17/12/2006,01:15:00,5.216,0.21,237.44,22.0,0.0,36.0,0.0
472,17/12/2006,01:16:00,3.858,0.24,238.52,16.6,0.0,36.0,0.0
473,17/12/2006,01:17:00,2.822,0.188,239.55,11.8,0.0,36.0,0.0
474,17/12/2006,01:18:00,3.84,0.16399999999999998,238.27,16.6,0.0,35.0,0.0
475,17/12/2006,01:19:00,4.636,0.14,237.37,19.4,0.0,36.0,0.0
476,17/12/2006,01:20:00,4.6339999999999995,0.152,237.17,19.4,0.0,35.0,0.0
477,17/12/2006,01:21:00,4.652,0.142,237.92,19.4,0.0,36.0,0.0
478,17/12/2006,01:22:00,3.13,0.13,239.82,14.6,0.0,26.0,0.0
479,17/12/2006,01:23:00,1.756,0.05,241.18,7.6,0.0,24.0,0.0
480,17/12/2006,01:24:00,3.478,0.0,239.84,15.0,0.0,36.0,0.0
481,17/12/2006,01:25:00,4.5,0.0,239.04,18.8,0.0,36.0,0.0
482,17/12/2006,01:26:00,3.552,0.0,240.29,14.8,0.0,21.0,0.0
483,17/12/2006,01:27:00,3.94,0.0,239.19,16.6,0.0,28.0,0.0
484,17/12/2006,01:28:00,2.44,0.0,240.8,10.0,0.0,37.0,0.0
485,17/12/2006,01:29:00,2.08,0.0,241.61,9.0,0.0,28.0,0.0
486,17/12/2006,01:30:00,3.6519999999999997,0.0,240.11,15.2,0.0,22.0,0.0
487,17/12/2006,01:31:00,4.4319999999999995,0.0,239.35,18.4,0.0,36.0,0.0
488,17/12/2006,01:32:00,4.46,0.0,240.08,18.6,0.0,36.0,0.0
489,17/12/2006,01:33:00,2.186,0.124,242.07,10.0,0.0,17.0,0.0
490,17/12/2006,01:34:00,2.358,0.124,241.54,9.8,0.0,33.0,0.0
491,17/12/2006,01:35:00,3.9539999999999997,0.098,239.84,16.8,0.0,36.0,0.0
492,17/12/2006,01:36:00,3.7460000000000004,0.106,240.36,15.6,0.0,25.0,0.0
493,17/12/2006,01:37:00,3.944,0.098,239.79,16.6,0.0,25.0,0.0
494,17/12/2006,01:38:00,3.68,0.102,239.55,15.8,0.0,36.0,0.0
495,17/12/2006,01:39:00,1.67,0.13,242.21,7.2,0.0,24.0,0.0
496,17/12/2006,01:40:00,3.214,0.11800000000000001,241.92,14.6,0.0,26.0,0.0
497,17/12/2006,01:41:00,4.5,0.0,240.42,18.6,0.0,36.0,0.0
498,17/12/2006,01:42:00,3.8,0.0,241.78,15.8,0.0,26.0,0.0
499,17/12/2006,01:43:00,2.6639999999999997,0.0,243.31,11.2,0.0,23.0,0.0
500,17/12/2006,01:44:00,2.528,0.122,242.92,10.4,0.0,37.0,0.0
501,17/12/2006,01:45:00,2.668,0.14,241.8,11.6,0.0,18.0,0.0
502,17/12/2006,01:46:00,4.256,0.184,240.29,17.8,0.0,30.0,0.0
503,17/12/2006,01:47:00,4.126,0.244,240.61,17.6,0.0,28.0,0.0
504,17/12/2006,01:48:00,3.216,0.27,242.14,15.0,0.0,31.0,0.0
505,17/12/2006,01:49:00,0.574,0.302,243.88,2.6,0.0,5.0,0.0
506,17/12/2006,01:50:00,2.344,0.272,241.49,10.8,0.0,16.0,0.0
507,17/12/2006,01:51:00,3.804,0.244,240.34,16.2,0.0,23.0,0.0
508,17/12/2006,01:52:00,4.622,0.24,239.59,19.2,0.0,37.0,0.0
509,17/12/2006,01:53:00,3.218,0.25,240.38,13.8,0.0,16.0,0.0
510,17/12/2006,01:54:00,0.774,0.294,242.43,4.2,0.0,5.0,0.0
511,17/12/2006,01:55:00,0.5720000000000001,0.3,243.55,2.6,0.0,5.0,0.0
512,17/12/2006,01:56:00,1.952,0.282,242.33,9.0,0.0,5.0,0.0
513,17/12/2006,01:57:00,2.608,0.188,241.86,10.8,0.0,4.0,0.0
514,17/12/2006,01:58:00,2.6,0.134,242.14,10.6,0.0,5.0,0.0
515,17/12/2006,01:59:00,2.568,0.132,241.97,10.6,0.0,5.0,0.0
516,17/12/2006,02:00:00,1.334,0.14800000000000002,242.14,7.0,0.0,5.0,0.0
517,17/12/2006,02:01:00,0.36200000000000004,0.124,244.33,1.6,0.0,3.0,0.0
518,17/12/2006,02:02:00,1.238,0.1,245.86,6.6,0.0,1.0,0.0
519,17/12/2006,02:03:00,2.448,0.08800000000000001,244.84,10.0,0.0,2.0,0.0
520,17/12/2006,02:04:00,2.426,0.08199999999999999,244.83,9.8,0.0,1.0,0.0
521,17/12/2006,02:05:00,1.794,0.098,245.8,8.4,0.0,2.0,0.0
522,17/12/2006,02:06:00,0.28800000000000003,0.11800000000000001,247.65,1.2,0.0,1.0,0.0
523,17/12/2006,02:07:00,0.608,0.12,247.49,3.8,0.0,1.0,0.0
524,17/12/2006,02:08:00,2.426,0.08199999999999999,244.73,9.8,0.0,2.0,0.0
525,17/12/2006,02:09:00,2.4419999999999997,0.08800000000000001,244.9,10.0,0.0,1.0,0.0
526,17/12/2006,02:10:00,2.428,0.084,244.77,9.8,0.0,1.0,0.0
527,17/12/2006,02:11:00,0.674,0.11599999999999999,247.47,4.4,0.0,2.0,0.0
528,17/12/2006,02:12:00,0.306,0.128,248.48,1.4,0.0,1.0,0.0
529,17/12/2006,02:13:00,2.09,0.094,247.01,9.0,0.0,2.0,0.0
530,17/12/2006,02:14:00,2.508,0.134,246.12,10.2,0.0,1.0,0.0
531,17/12/2006,02:15:00,2.228,0.126,246.32,9.4,0.0,1.0,0.0
532,17/12/2006,02:16:00,0.308,0.10800000000000001,248.01,1.4,0.0,0.0,0.0
533,17/12/2006,02:17:00,0.29,0.102,248.2,1.2,0.0,0.0,0.0
534,17/12/2006,02:18:00,2.4419999999999997,0.07200000000000001,245.61,10.0,0.0,1.0,0.0
535,17/12/2006,02:19:00,2.5140000000000002,0.156,245.29,10.2,0.0,0.0,0.0
536,17/12/2006,02:20:00,2.506,0.20199999999999999,243.75,10.2,0.0,0.0,0.0
537,17/12/2006,02:21:00,0.38799999999999996,0.23399999999999999,246.17,1.8,0.0,0.0,0.0
538,17/12/2006,02:22:00,0.5379999999999999,0.242,246.94,3.2,0.0,0.0,0.0
539,17/12/2006,02:23:00,2.496,0.142,245.35,10.2,0.0,0.0,0.0
540,17/12/2006,02:24:00,2.47,0.1,244.97,10.0,0.0,1.0,0.0
541,17/12/2006,02:25:00,2.448,0.096,244.97,10.0,0.0,0.0,0.0
542,17/12/2006,02:26:00,0.82,0.126,246.17,5.0,0.0,0.0,0.0
543,17/12/2006,02:27:00,0.308,0.13,247.3,1.4,0.0,0.0,0.0
544,17/12/2006,02:28:00,2.45,0.102,244.96,10.0,0.0,0.0,0.0
545,17/12/2006,02:29:00,2.432,0.092,244.2,9.8,0.0,0.0,0.0
546,17/12/2006,02:30:00,2.444,0.098,243.93,10.0,0.0,0.0,0.0
547,17/12/2006,02:31:00,1.97,0.1,244.35,8.8,0.0,0.0,0.0
548,17/12/2006,02:32:00,0.256,0.0,246.64,1.2,0.0,1.0,0.0
549,17/12/2006,02:33:00,0.508,0.0,246.7,3.6,0.0,0.0,0.0
550,17/12/2006,02:34:00,2.37,0.0,244.7,9.6,0.0,0.0,0.0
551,17/12/2006,02:35:00,2.352,0.0,245.05,9.6,0.0,0.0,0.0
552,17/12/2006,02:36:00,2.14,0.0,246.52,9.0,0.0,0.0,0.0
553,17/12/2006,02:37:00,0.212,0.0,248.94,0.8,0.0,0.0,0.0
554,17/12/2006,02:38:00,0.992,0.0,247.33,5.8,0.0,1.0,0.0
555,17/12/2006,02:39:00,2.362,0.0,245.39,9.6,0.0,0.0,0.0
556,17/12/2006,02:40:00,2.384,0.0,245.71,9.6,0.0,0.0,0.0
557,17/12/2006,02:41:00,1.9280000000000002,0.0,246.1,8.4,0.0,0.0,0.0
558,17/12/2006,02:42:00,0.218,0.0,249.37,1.0,0.0,0.0,0.0
559,17/12/2006,02:43:00,0.6559999999999999,0.0,249.07,4.4,0.0,1.0,0.0
560,17/12/2006,02:44:00,2.398,0.0,247.31,9.6,0.0,0.0,0.0
561,17/12/2006,02:45:00,2.412,0.0,247.26,9.6,0.0,0.0,0.0
562,17/12/2006,02:46:00,1.672,0.0,245.95,7.8,0.0,0.0,0.0
563,17/12/2006,02:47:00,0.226,0.0,246.16,1.0,0.0,0.0,0.0
564,17/12/2006,02:48:00,1.632,0.0,244.51,7.8,0.0,0.0,0.0
565,17/12/2006,02:49:00,2.352,0.0,243.91,9.6,0.0,1.0,0.0
566,17/12/2006,02:50:00,2.3280000000000003,0.046,243.68,9.4,0.0,0.0,0.0
567,17/12/2006,02:51:00,0.732,0.0,244.57,4.6,0.0,0.0,0.0
568,17/12/2006,02:52:00,0.20600000000000002,0.0,245.98,0.8,0.0,0.0,0.0
569,17/12/2006,02:53:00,2.332,0.0,244.32,9.6,0.0,0.0,0.0
570,17/12/2006,02:54:00,2.39,0.0,244.51,9.8,0.0,0.0,0.0
571,17/12/2006,02:55:00,2.476,0.1,244.84,10.0,0.0,1.0,0.0
572,17/12/2006,02:56:00,0.604,0.126,247.15,3.8,0.0,0.0,0.0
573,17/12/2006,02:57:00,0.38,0.17800000000000002,246.59,1.8,0.0,0.0,0.0
574,17/12/2006,02:58:00,1.774,0.21,244.52,8.4,0.0,0.0,0.0
575,17/12/2006,02:59:00,2.52,0.20199999999999999,243.43,10.4,0.0,0.0,0.0
576,17/12/2006,03:00:00,2.542,0.214,244.06,10.4,0.0,0.0,0.0
577,17/12/2006,03:01:00,2.228,0.294,245.05,9.8,0.0,4.0,0.0
578,17/12/2006,03:02:00,0.59,0.316,247.12,2.6,0.0,4.0,0.0
579,17/12/2006,03:03:00,1.354,0.316,246.86,7.0,0.0,3.0,0.0
580,17/12/2006,03:04:00,2.734,0.28,245.41,11.2,0.0,4.0,0.0
581,17/12/2006,03:05:00,2.734,0.28800000000000003,245.27,11.2,0.0,3.0,0.0
582,17/12/2006,03:06:00,2.002,0.214,245.79,9.0,0.0,4.0,0.0
583,17/12/2006,03:07:00,0.47200000000000003,0.14400000000000002,247.11,2.0,0.0,3.0,0.0
584,17/12/2006,03:08:00,0.8759999999999999,0.0,244.7,5.0,0.0,4.0,0.0
585,17/12/2006,03:09:00,2.324,0.046,243.24,9.4,0.0,0.0,0.0
586,17/12/2006,03:10:00,2.342,0.0,243.46,9.6,0.0,0.0,0.0
587,17/12/2006,03:11:00,2.326,0.046,243.57,9.4,0.0,0.0,0.0
588,17/12/2006,03:12:00,0.302,0.0,246.19,2.0,0.0,0.0,0.0
589,17/12/2006,03:13:00,0.20800000000000002,0.0,247.17,0.8,0.0,0.0,0.0
590,17/12/2006,03:14:00,2.022,0.0,245.69,8.8,0.0,0.0,0.0
591,17/12/2006,03:15:00,2.356,0.0,245.08,9.6,0.0,0.0,0.0
592,17/12/2006,03:16:00,2.346,0.0,243.7,9.6,0.0,1.0,0.0
593,17/12/2006,03:17:00,2.24,0.0,243.92,9.2,0.0,0.0,0.0
594,17/12/2006,03:18:00,0.22399999999999998,0.0,245.54,1.0,0.0,0.0,0.0
595,17/12/2006,03:19:00,0.424,0.0,244.88,3.2,0.0,0.0,0.0
596,17/12/2006,03:20:00,2.344,0.0,243.27,9.6,0.0,0.0,0.0
597,17/12/2006,03:21:00,2.3080000000000003,0.048,242.65,9.4,0.0,0.0,0.0
598,17/12/2006,03:22:00,2.338,0.0,243.29,9.6,0.0,1.0,0.0
599,17/12/2006,03:23:00,1.48,0.0,243.73,7.4,0.0,0.0,0.0
600,17/12/2006,03:24:00,0.222,0.0,245.29,1.0,0.0,0.0,0.0
601,17/12/2006,03:25:00,0.82,0.0,245.38,5.2,0.0,0.0,0.0
602,17/12/2006,03:26:00,2.352,0.0,243.84,9.6,0.0,0.0,0.0
603,17/12/2006,03:27:00,2.312,0.048,242.8,9.4,0.0,0.0,0.0
604,17/12/2006,03:28:00,2.324,0.0,242.52,9.6,0.0,1.0,0.0
605,17/12/2006,03:29:00,0.23199999999999998,0.0,244.9,1.4,0.0,0.0,0.0
606,17/12/2006,03:30:00,0.342,0.12,244.81,1.6,0.0,0.0,0.0
607,17/12/2006,03:31:00,1.94,0.098,243.8,8.8,0.0,0.0,0.0
608,17/12/2006,03:32:00,2.456,0.098,244.03,10.0,0.0,0.0,0.0
609,17/12/2006,03:33:00,2.448,0.096,244.73,10.0,0.0,0.0,0.0
610,17/12/2006,03:34:00,1.838,0.10800000000000001,244.66,8.4,0.0,1.0,0.0
611,17/12/2006,03:35:00,0.32,0.13,246.4,1.4,0.0,0.0,0.0
612,17/12/2006,03:36:00,1.1540000000000001,0.11599999999999999,245.5,6.4,0.0,0.0,0.0
613,17/12/2006,03:37:00,2.4419999999999997,0.096,243.49,10.0,0.0,0.0,0.0
614,17/12/2006,03:38:00,2.41,0.09,243.08,9.8,0.0,0.0,0.0
615,17/12/2006,03:39:00,2.282,0.096,243.17,9.6,0.0,0.0,0.0
616,17/12/2006,03:40:00,0.32,0.126,244.44,1.6,0.0,0.0,0.0
617,17/12/2006,03:41:00,0.812,0.22399999999999998,244.05,4.8,0.0,1.0,0.0
618,17/12/2006,03:42:00,2.4459999999999997,0.138,242.72,10.0,0.0,0.0,0.0
619,17/12/2006,03:43:00,2.426,0.066,243.81,9.8,0.0,0.0,0.0
620,17/12/2006,03:44:00,2.41,0.062,244.12,9.8,0.0,0.0,0.0
621,17/12/2006,03:45:00,0.436,0.096,245.64,2.8,0.0,0.0,0.0
622,17/12/2006,03:46:00,0.49200000000000005,0.08800000000000001,245.18,3.2,0.0,0.0,0.0
623,17/12/2006,03:47:00,2.424,0.064,243.7,9.8,0.0,1.0,0.0
624,17/12/2006,03:48:00,2.392,0.057999999999999996,243.41,9.8,0.0,0.0,0.0
625,17/12/2006,03:49:00,2.3819999999999997,0.0,243.42,9.8,0.0,0.0,0.0
626,17/12/2006,03:50:00,0.754,0.0,245.53,4.8,0.0,0.0,0.0
627,17/12/2006,03:51:00,0.41200000000000003,0.0,246.54,3.0,0.0,0.0,0.0
628,17/12/2006,03:52:00,2.354,0.0,244.63,9.6,0.0,0.0,0.0
629,17/12/2006,03:53:00,2.412,0.0,244.59,9.8,0.0,1.0,0.0
630,17/12/2006,03:54:00,2.426,0.08199999999999999,244.42,9.8,0.0,2.0,0.0
631,17/12/2006,03:55:00,1.3840000000000001,0.1,244.64,7.2,0.0,2.0,0.0
632,17/12/2006,03:56:00,0.292,0.11,245.31,1.2,0.0,1.0,0.0
633,17/12/2006,03:57:00,1.33,0.098,243.78,7.0,0.0,2.0,0.0
634,17/12/2006,03:58:00,2.396,0.076,242.57,9.8,0.0,1.0,0.0
635,17/12/2006,03:59:00,2.4219999999999997,0.08199999999999999,243.16,9.8,0.0,2.0,0.0
636,17/12/2006,04:00:00,2.4019999999999997,0.076,243.18,9.8,0.0,1.0,0.0
637,17/12/2006,04:01:00,0.43,0.11199999999999999,245.02,2.6,0.0,2.0,0.0
638,17/12/2006,04:02:00,0.6659999999999999,0.10400000000000001,244.9,4.2,0.0,2.0,0.0
639,17/12/2006,04:03:00,2.42,0.08,242.77,9.8,0.0,1.0,0.0
640,17/12/2006,04:04:00,2.39,0.07400000000000001,242.47,9.8,0.0,2.0,0.0
641,17/12/2006,04:05:00,2.4459999999999997,0.12,242.14,10.0,0.0,1.0,0.0
642,17/12/2006,04:06:00,0.978,0.248,245.15,5.6,0.0,2.0,0.0
643,17/12/2006,04:07:00,0.4,0.254,245.86,1.8,0.0,1.0,0.0
644,17/12/2006,04:08:00,2.432,0.222,243.47,10.2,0.0,2.0,0.0
645,17/12/2006,04:09:00,2.5,0.214,243.36,10.2,0.0,1.0,0.0
646,17/12/2006,04:10:00,2.52,0.22,243.54,10.4,0.0,2.0,0.0
647,17/12/2006,04:11:00,0.7879999999999999,0.24600000000000002,245.68,4.8,0.0,1.0,0.0
648,17/12/2006,04:12:00,0.402,0.256,245.69,2.0,0.0,2.0,0.0
649,17/12/2006,04:13:00,2.238,0.21600000000000003,243.21,9.6,0.0,1.0,0.0
650,17/12/2006,04:14:00,2.512,0.22,243.49,10.2,0.0,2.0,0.0
651,17/12/2006,04:15:00,2.4859999999999998,0.212,243.2,10.2,0.0,1.0,0.0
652,17/12/2006,04:16:00,1.936,0.23,244.12,8.8,0.0,1.0,0.0
653,17/12/2006,04:17:00,0.376,0.256,246.45,1.8,0.0,2.0,0.0
654,17/12/2006,04:18:00,0.9079999999999999,0.078,245.71,5.2,0.0,1.0,0.0
655,17/12/2006,04:19:00,2.336,0.046,243.86,9.4,0.0,0.0,0.0
656,17/12/2006,04:20:00,2.346,0.0,243.5,9.6,0.0,0.0,0.0
657,17/12/2006,04:21:00,2.3280000000000003,0.046,243.62,9.4,0.0,0.0,0.0
658,17/12/2006,04:22:00,1.7080000000000002,0.0,243.73,8.0,0.0,0.0,0.0
659,17/12/2006,04:23:00,0.20600000000000002,0.0,245.17,0.8,0.0,0.0,0.0
660,17/12/2006,04:24:00,0.516,0.0,245.13,3.6,0.0,1.0,0.0
661,17/12/2006,04:25:00,2.426,0.06,243.67,9.8,0.0,0.0,0.0
662,17/12/2006,04:26:00,2.43,0.066,244.0,9.8,0.0,0.0,0.0
663,17/12/2006,04:27:00,2.424,0.06,243.6,9.8,0.0,0.0,0.0
664,17/12/2006,04:28:00,2.306,0.064,242.93,9.6,0.0,0.0,0.0
665,17/12/2006,04:29:00,0.28800000000000003,0.08800000000000001,245.08,1.2,0.0,0.0,0.0
666,17/12/2006,04:30:00,0.7559999999999999,0.092,245.69,3.8,0.0,0.0,5.0
667,17/12/2006,04:31:00,3.498,0.05,242.83,14.4,0.0,0.0,19.0
668,17/12/2006,04:32:00,3.522,0.054000000000000006,242.92,14.4,0.0,1.0,18.0
669,17/12/2006,04:33:00,3.46,0.0,243.03,14.2,0.0,0.0,19.0
670,17/12/2006,04:34:00,3.4339999999999997,0.05,242.95,14.0,0.0,0.0,18.0
671,17/12/2006,04:35:00,1.646,0.0,245.6,7.4,0.0,0.0,19.0
672,17/12/2006,04:36:00,1.3359999999999999,0.0,245.94,5.4,0.0,0.0,18.0
673,17/12/2006,04:37:00,2.8739999999999997,0.0,244.16,12.4,0.0,1.0,18.0
674,17/12/2006,04:38:00,3.41,0.055999999999999994,243.04,14.0,0.0,0.0,19.0
675,17/12/2006,04:39:00,3.412,0.052000000000000005,242.49,14.0,0.0,0.0,18.0
676,17/12/2006,04:40:00,3.386,0.055999999999999994,242.22,13.8,0.0,0.0,18.0
677,17/12/2006,04:41:00,1.844,0.048,244.07,8.2,0.0,0.0,18.0
678,17/12/2006,04:42:00,1.4140000000000001,0.106,244.55,5.8,0.0,0.0,18.0
679,17/12/2006,04:43:00,3.352,0.086,242.89,14.0,0.0,1.0,18.0
680,17/12/2006,04:44:00,3.5,0.08,242.65,14.4,0.0,0.0,18.0
681,17/12/2006,04:45:00,3.516,0.084,242.63,14.4,0.0,0.0,18.0
682,17/12/2006,04:46:00,3.174,0.084,243.15,13.4,0.0,0.0,18.0
683,17/12/2006,04:47:00,1.4280000000000002,0.114,245.1,5.8,0.0,0.0,19.0
684,17/12/2006,04:48:00,1.994,0.1,244.15,9.0,0.0,0.0,18.0
685,17/12/2006,04:49:00,3.492,0.08199999999999999,241.83,14.4,0.0,1.0,18.0
686,17/12/2006,04:50:00,3.46,0.076,241.53,14.2,0.0,0.0,18.0
687,17/12/2006,04:51:00,3.492,0.08199999999999999,242.06,14.4,0.0,0.0,18.0
688,17/12/2006,04:52:00,3.4819999999999998,0.08,242.39,14.2,0.0,0.0,18.0
689,17/12/2006,04:53:00,1.492,0.10400000000000001,245.95,6.2,0.0,0.0,18.0
690,17/12/2006,04:54:00,1.3259999999999998,0.0,246.55,5.4,0.0,0.0,19.0
691,17/12/2006,04:55:00,3.282,0.046,243.76,13.6,0.0,1.0,18.0
692,17/12/2006,04:56:00,3.4219999999999997,0.054000000000000006,243.58,14.0,0.0,0.0,18.0
693,17/12/2006,04:57:00,3.424,0.05,242.95,14.0,0.0,0.0,18.0
694,17/12/2006,04:58:00,3.2539999999999996,0.054000000000000006,242.7,13.4,0.0,0.0,18.0
695,17/12/2006,04:59:00,1.32,0.0,244.27,5.4,0.0,0.0,18.0
696,17/12/2006,05:00:00,2.294,0.0,243.14,10.4,0.0,0.0,19.0
697,17/12/2006,05:01:00,3.4,0.052000000000000005,242.01,14.0,0.0,0.0,17.0
698,17/12/2006,05:02:00,3.4019999999999997,0.055999999999999994,242.73,14.0,0.0,0.0,18.0
699,17/12/2006,05:03:00,3.418,0.05,242.7,14.0,0.0,1.0,18.0
700,17/12/2006,05:04:00,2.9939999999999998,0.05,243.77,12.6,0.0,0.0,19.0
701,17/12/2006,05:05:00,1.3259999999999998,0.0,244.66,5.4,0.0,0.0,18.0
702,17/12/2006,05:06:00,2.02,0.0,243.62,9.2,0.0,0.0,18.0
703,17/12/2006,05:07:00,3.378,0.055999999999999994,241.41,14.0,0.0,0.0,18.0
704,17/12/2006,05:08:00,3.372,0.054000000000000006,240.91,14.0,0.0,1.0,18.0
705,17/12/2006,05:09:00,3.3739999999999997,0.046,240.82,14.0,0.0,0.0,17.0
706,17/12/2006,05:10:00,3.426,0.046,240.23,14.2,0.0,0.0,18.0
707,17/12/2006,05:11:00,1.462,0.066,242.12,6.2,0.0,0.0,18.0
708,17/12/2006,05:12:00,1.834,0.07,242.93,8.4,0.0,0.0,18.0
709,17/12/2006,05:13:00,3.4619999999999997,0.046,242.13,14.2,0.0,0.0,18.0
710,17/12/2006,05:14:00,3.486,0.054000000000000006,242.49,14.2,0.0,1.0,18.0
711,17/12/2006,05:15:00,2.91,0.055999999999999994,243.69,12.0,0.0,0.0,9.0
712,17/12/2006,05:16:00,0.9359999999999999,0.09,245.93,5.4,0.0,0.0,0.0
713,17/12/2006,05:17:00,0.33799999999999997,0.152,246.45,1.6,0.0,0.0,0.0
714,17/12/2006,05:18:00,1.926,0.136,244.33,8.8,0.0,0.0,0.0
715,17/12/2006,05:19:00,2.42,0.08800000000000001,242.87,9.8,0.0,0.0,0.0
716,17/12/2006,05:20:00,2.438,0.094,243.06,10.0,0.0,1.0,0.0
717,17/12/2006,05:21:00,2.43,0.092,243.67,9.8,0.0,0.0,0.0
718,17/12/2006,05:22:00,2.454,0.098,244.05,10.0,0.0,0.0,0.0
719,17/12/2006,05:23:00,0.424,0.126,246.26,2.6,0.0,0.0,0.0
720,17/12/2006,05:24:00,0.716,0.128,246.23,4.4,0.0,0.0,0.0
721,17/12/2006,05:25:00,2.4619999999999997,0.098,245.16,10.0,0.0,0.0,0.0
722,17/12/2006,05:26:00,2.46,0.1,244.25,10.0,0.0,1.0,0.0
723,17/12/2006,05:27:00,2.418,0.09,243.19,9.8,0.0,0.0,0.0
724,17/12/2006,05:28:00,1.0,0.11199999999999999,243.77,5.8,0.0,0.0,0.0
725,17/12/2006,05:29:00,0.298,0.11800000000000001,244.73,1.2,0.0,0.0,0.0
726,17/12/2006,05:30:00,1.65,0.0,243.03,7.8,0.0,0.0,0.0
727,17/12/2006,05:31:00,2.31,0.048,242.67,9.4,0.0,0.0,0.0
728,17/12/2006,05:32:00,2.332,0.0,242.87,9.6,0.0,1.0,0.0
729,17/12/2006,05:33:00,2.242,0.046,243.03,9.2,0.0,0.0,0.0
730,17/12/2006,05:34:00,0.22399999999999998,0.0,244.96,1.0,0.0,0.0,0.0
731,17/12/2006,05:35:00,0.752,0.0,244.5,4.8,0.0,0.0,0.0
732,17/12/2006,05:36:00,2.33,0.0,242.56,9.6,0.0,0.0,0.0
733,17/12/2006,05:37:00,2.322,0.0,242.61,9.4,0.0,0.0,0.0
734,17/12/2006,05:38:00,2.312,0.048,242.19,9.4,0.0,0.0,0.0
735,17/12/2006,05:39:00,0.76,0.0,243.74,4.8,0.0,1.0,0.0
736,17/12/2006,05:40:00,0.364,0.0,244.4,2.6,0.0,0.0,0.0
737,17/12/2006,05:41:00,2.336,0.0,242.39,9.6,0.0,0.0,0.0
738,17/12/2006,05:42:00,2.312,0.048,242.51,9.4,0.0,0.0,0.0
739,17/12/2006,05:43:00,2.332,0.0,242.61,9.6,0.0,0.0,0.0
740,17/12/2006,05:44:00,0.856,0.0,243.82,5.2,0.0,0.0,0.0
741,17/12/2006,05:45:00,0.8640000000000001,0.0,243.55,5.4,0.0,1.0,0.0
742,17/12/2006,05:46:00,2.302,0.05,242.22,9.4,0.0,0.0,0.0
743,17/12/2006,05:47:00,2.324,0.0,242.6,9.6,0.0,0.0,0.0
744,17/12/2006,05:48:00,1.8519999999999999,0.0,243.74,8.4,0.0,0.0,0.0
745,17/12/2006,05:49:00,0.226,0.0,247.08,1.0,0.0,0.0,0.0
746,17/12/2006,05:50:00,2.184,0.0,244.99,9.2,0.0,0.0,0.0
747,17/12/2006,05:51:00,2.38,0.0,245.62,9.6,0.0,1.0,0.0
748,17/12/2006,05:52:00,1.92,0.0,245.71,8.6,0.0,0.0,0.0
749,17/12/2006,05:53:00,0.254,0.0,246.97,1.2,0.0,0.0,0.0
750,17/12/2006,05:54:00,2.164,0.098,244.63,9.2,0.0,0.0,0.0
751,17/12/2006,05:55:00,2.5540000000000003,0.188,244.72,10.4,0.0,0.0,0.0
752,17/12/2006,05:56:00,2.026,0.212,245.14,9.0,0.0,0.0,0.0
753,17/12/2006,05:57:00,0.414,0.244,246.58,2.0,0.0,1.0,0.0
754,17/12/2006,05:58:00,2.106,0.20600000000000002,244.28,9.2,0.0,0.0,0.0
755,17/12/2006,05:59:00,2.522,0.20199999999999999,243.58,10.4,0.0,0.0,0.0
756,17/12/2006,06:00:00,2.076,0.20600000000000002,244.36,9.2,0.0,0.0,0.0
757,17/12/2006,06:01:00,0.402,0.23800000000000002,245.77,1.8,0.0,0.0,0.0
758,17/12/2006,06:02:00,2.1180000000000003,0.204,243.95,9.2,0.0,0.0,0.0
759,17/12/2006,06:03:00,2.4859999999999998,0.17600000000000002,243.01,10.2,0.0,1.0,0.0
760,17/12/2006,06:04:00,1.34,0.2,245.34,7.0,0.0,1.0,0.0
761,17/12/2006,06:05:00,0.6659999999999999,0.258,246.0,4.0,0.0,1.0,0.0
762,17/12/2006,06:06:00,2.44,0.11,243.7,10.0,0.0,2.0,0.0
763,17/12/2006,06:07:00,2.426,0.08199999999999999,243.53,9.8,0.0,2.0,0.0
764,17/12/2006,06:08:00,1.278,0.096,243.92,6.8,0.0,1.0,0.0
765,17/12/2006,06:09:00,0.43,0.106,244.99,2.8,0.0,2.0,0.0
766,17/12/2006,06:10:00,2.426,0.08,243.06,10.0,0.0,1.0,0.0
767,17/12/2006,06:11:00,2.3819999999999997,0.07200000000000001,241.95,9.8,0.0,2.0,0.0
768,17/12/2006,06:12:00,2.406,0.078,242.35,9.8,0.0,2.0,0.0
769,17/12/2006,06:13:00,0.33,0.106,244.82,1.8,0.0,1.0,0.0
770,17/12/2006,06:14:00,1.208,0.098,243.99,6.6,0.0,2.0,0.0
771,17/12/2006,06:15:00,2.406,0.076,242.91,9.8,0.0,1.0,0.0
772,17/12/2006,06:16:00,2.4419999999999997,0.086,242.84,10.0,0.0,2.0,0.0
773,17/12/2006,06:17:00,2.426,0.08199999999999999,243.09,10.0,0.0,1.0,0.0
774,17/12/2006,06:18:00,2.432,0.084,242.41,10.0,0.0,2.0,0.0
775,17/12/2006,06:19:00,2.414,0.08,242.63,9.8,0.0,1.0,0.0
776,17/12/2006,06:20:00,0.484,0.11599999999999999,244.86,2.4,0.0,2.0,0.0
777,17/12/2006,06:21:00,0.312,0.11199999999999999,245.05,1.4,0.0,1.0,0.0
778,17/12/2006,06:22:00,2.352,0.08800000000000001,243.36,9.8,0.0,2.0,0.0
779,17/12/2006,06:23:00,2.428,0.084,243.66,9.8,0.0,1.0,0.0
780,17/12/2006,06:24:00,2.582,0.092,244.02,10.6,0.0,2.0,0.0
781,17/12/2006,06:25:00,2.784,0.086,243.85,11.4,0.0,1.0,0.0
782,17/12/2006,06:26:00,2.68,0.09,243.73,11.0,0.0,1.0,0.0
783,17/12/2006,06:27:00,1.42,0.098,244.93,7.0,0.0,2.0,0.0
784,17/12/2006,06:28:00,0.9079999999999999,0.08800000000000001,244.83,3.8,0.0,1.0,0.0
785,17/12/2006,06:29:00,3.194,0.048,242.05,13.2,0.0,0.0,0.0
786,17/12/2006,06:30:00,3.3280000000000003,0.094,241.89,13.6,0.0,0.0,0.0
787,17/12/2006,06:31:00,2.67,0.094,242.62,11.6,0.0,0.0,0.0
788,17/12/2006,06:32:00,1.238,0.124,244.76,5.0,0.0,1.0,0.0
789,17/12/2006,06:33:00,1.12,0.11599999999999999,244.4,4.6,0.0,0.0,0.0
790,17/12/2006,06:34:00,0.5920000000000001,0.128,245.39,2.6,0.0,0.0,0.0
791,17/12/2006,06:35:00,0.8,0.122,245.94,3.2,0.0,0.0,0.0
792,17/12/2006,06:36:00,0.82,0.126,245.84,3.4,0.0,0.0,0.0
793,17/12/2006,06:37:00,0.7959999999999999,0.11599999999999999,244.5,3.2,0.0,0.0,0.0
794,17/12/2006,06:38:00,0.7979999999999999,0.11599999999999999,244.02,3.2,0.0,1.0,0.0
795,17/12/2006,06:39:00,0.6940000000000001,0.12,244.13,2.8,0.0,0.0,0.0
796,17/12/2006,06:40:00,0.6940000000000001,0.136,244.35,3.0,0.0,0.0,0.0
797,17/12/2006,06:41:00,0.758,0.228,244.3,3.2,0.0,0.0,0.0
798,17/12/2006,06:42:00,0.682,0.14,244.14,2.8,0.0,0.0,0.0
799,17/12/2006,06:43:00,0.664,0.09,244.49,2.6,0.0,1.0,0.0
800,17/12/2006,06:44:00,0.642,0.084,244.14,2.6,0.0,0.0,0.0
801,17/12/2006,06:45:00,0.66,0.08800000000000001,243.94,2.6,0.0,0.0,0.0
802,17/12/2006,06:46:00,0.636,0.08199999999999999,243.58,2.6,0.0,0.0,0.0
803,17/12/2006,06:47:00,0.66,0.09,244.64,2.6,0.0,0.0,0.0
804,17/12/2006,06:48:00,0.638,0.084,244.26,2.6,0.0,0.0,0.0
805,17/12/2006,06:49:00,0.478,0.092,244.46,2.0,0.0,1.0,0.0
806,17/12/2006,06:50:00,0.316,0.0,245.54,1.2,0.0,0.0,0.0
807,17/12/2006,06:51:00,0.33,0.0,246.01,1.4,0.0,0.0,0.0
808,17/12/2006,06:52:00,0.38,0.0,245.94,1.6,0.0,0.0,0.0
809,17/12/2006,06:53:00,0.522,0.0,245.22,2.2,0.0,0.0,0.0
810,17/12/2006,06:54:00,0.42200000000000004,0.0,244.45,1.8,0.0,0.0,0.0
811,17/12/2006,06:55:00,0.262,0.0,243.96,1.2,0.0,1.0,0.0
812,17/12/2006,06:56:00,0.22,0.0,243.39,1.0,0.0,0.0,0.0
813,17/12/2006,06:57:00,0.24600000000000002,0.0,244.35,1.0,0.0,0.0,0.0
814,17/12/2006,06:58:00,0.212,0.0,244.26,0.8,0.0,0.0,0.0
815,17/12/2006,06:59:00,0.242,0.0,244.62,1.0,0.0,0.0,0.0
816,17/12/2006,07:00:00,0.222,0.0,244.67,1.0,0.0,0.0,0.0
817,17/12/2006,07:01:00,0.24,0.0,244.23,1.0,0.0,1.0,0.0
818,17/12/2006,07:02:00,0.21600000000000003,0.0,244.87,1.0,0.0,0.0,0.0
819,17/12/2006,07:03:00,0.228,0.0,243.64,1.0,0.0,0.0,0.0
820,17/12/2006,07:04:00,0.21,0.0,242.49,0.8,0.0,0.0,0.0
821,17/12/2006,07:05:00,0.276,0.0,242.25,1.4,0.0,0.0,0.0
822,17/12/2006,07:06:00,0.322,0.10400000000000001,242.08,1.4,0.0,0.0,0.0
823,17/12/2006,07:07:00,0.336,0.10800000000000001,241.89,1.4,0.0,0.0,0.0
824,17/12/2006,07:08:00,0.318,0.10800000000000001,242.08,1.4,0.0,0.0,0.0
825,17/12/2006,07:09:00,0.314,0.11,242.57,1.4,0.0,1.0,0.0
826,17/12/2006,07:10:00,0.32799999999999996,0.114,243.04,1.4,0.0,0.0,0.0
827,17/12/2006,07:11:00,0.308,0.10800000000000001,242.59,1.4,0.0,0.0,0.0
828,17/12/2006,07:12:00,0.326,0.11199999999999999,242.55,1.4,0.0,0.0,0.0
829,17/12/2006,07:13:00,0.304,0.10800000000000001,242.8,1.4,0.0,0.0,0.0
830,17/12/2006,07:14:00,2.206,0.086,240.97,9.4,0.0,1.0,0.0
831,17/12/2006,07:15:00,2.338,0.07200000000000001,239.16,9.6,0.0,0.0,0.0
832,17/12/2006,07:16:00,2.362,0.076,239.21,9.8,0.0,0.0,0.0
833,17/12/2006,07:17:00,2.356,0.07400000000000001,239.79,9.8,0.0,0.0,0.0
834,17/12/2006,07:18:00,2.324,0.0,239.78,9.6,0.0,0.0,0.0
835,17/12/2006,07:19:00,2.2640000000000002,0.055999999999999994,239.92,9.4,0.0,0.0,0.0
836,17/12/2006,07:20:00,2.28,0.052000000000000005,240.03,9.4,0.0,1.0,0.0
837,17/12/2006,07:21:00,2.258,0.055999999999999994,239.9,9.4,0.0,0.0,0.0
838,17/12/2006,07:22:00,2.306,0.048,241.23,9.4,0.0,0.0,0.0
839,17/12/2006,07:23:00,2.2880000000000003,0.054000000000000006,241.35,9.4,0.0,0.0,0.0
840,17/12/2006,07:24:00,2.3,0.048,241.01,9.4,0.0,0.0,0.0
841,17/12/2006,07:25:00,2.346,0.0,241.57,9.6,0.0,0.0,0.0
842,17/12/2006,07:26:00,2.378,0.054000000000000006,241.27,9.8,0.0,1.0,0.0
843,17/12/2006,07:27:00,2.346,0.048,240.92,9.6,0.0,0.0,0.0
844,17/12/2006,07:28:00,2.35,0.05,240.04,9.8,0.0,0.0,0.0
845,17/12/2006,07:29:00,2.326,0.0,239.39,9.6,0.0,0.0,0.0
846,17/12/2006,07:30:00,2.336,0.048,238.93,9.6,0.0,0.0,0.0
847,17/12/2006,07:31:00,2.326,0.0,239.46,9.6,0.0,0.0,0.0
848,17/12/2006,07:32:00,0.504,0.08,242.27,3.2,0.0,1.0,0.0
849,17/12/2006,07:33:00,0.268,0.076,242.22,1.2,0.0,0.0,0.0
850,17/12/2006,07:34:00,1.734,0.0,242.55,8.0,0.0,0.0,0.0
851,17/12/2006,07:35:00,2.318,0.05,242.88,9.4,0.0,0.0,0.0
852,17/12/2006,07:36:00,2.322,0.046,242.18,9.6,0.0,0.0,0.0
853,17/12/2006,07:37:00,2.302,0.052000000000000005,242.16,9.4,0.0,0.0,0.0
854,17/12/2006,07:38:00,2.318,0.046,241.97,9.4,0.0,1.0,0.0
855,17/12/2006,07:39:00,2.302,0.05,241.71,9.4,0.0,0.0,0.0
856,17/12/2006,07:40:00,2.29,0.052000000000000005,241.53,9.4,0.0,0.0,0.0
857,17/12/2006,07:41:00,2.376,0.0,241.3,9.8,0.0,0.0,0.0
858,17/12/2006,07:42:00,0.368,0.114,244.31,2.0,0.0,0.0,0.0
859,17/12/2006,07:43:00,0.332,0.124,244.83,1.4,0.0,0.0,0.0
860,17/12/2006,07:44:00,1.734,0.096,243.37,8.2,0.0,0.0,0.0
861,17/12/2006,07:45:00,2.416,0.08800000000000001,242.04,10.0,0.0,1.0,0.0
862,17/12/2006,07:46:00,2.4,0.084,242.24,9.8,0.0,0.0,0.0
863,17/12/2006,07:47:00,2.418,0.08800000000000001,242.1,10.0,0.0,0.0,0.0
864,17/12/2006,07:48:00,2.388,0.08199999999999999,241.56,9.8,0.0,0.0,0.0
865,17/12/2006,07:49:00,2.406,0.086,241.57,9.8,0.0,0.0,0.0
866,17/12/2006,07:50:00,2.378,0.08,241.33,9.8,0.0,0.0,0.0
867,17/12/2006,07:51:00,1.1640000000000001,0.10800000000000001,243.28,6.4,0.0,1.0,0.0
868,17/12/2006,07:52:00,0.3,0.11800000000000001,244.95,1.2,0.0,0.0,0.0
869,17/12/2006,07:53:00,0.7,0.12,244.83,4.4,0.0,0.0,0.0
870,17/12/2006,07:54:00,2.376,0.0,242.85,9.8,0.0,0.0,0.0
871,17/12/2006,07:55:00,2.32,0.046,242.06,9.6,0.0,0.0,0.0
872,17/12/2006,07:56:00,2.278,0.054000000000000006,241.04,9.4,0.0,0.0,0.0
873,17/12/2006,07:57:00,2.28,0.05,240.31,9.4,0.0,1.0,0.0
874,17/12/2006,07:58:00,2.278,0.054000000000000006,240.95,9.4,0.0,0.0,0.0
875,17/12/2006,07:59:00,2.294,0.05,240.67,9.4,0.0,0.0,0.0
876,17/12/2006,08:00:00,2.28,0.055999999999999994,240.9,9.4,0.0,0.0,0.0
877,17/12/2006,08:01:00,2.3,0.05,240.97,9.4,0.0,0.0,0.0
878,17/12/2006,08:02:00,0.21,0.0,243.21,1.2,0.0,0.0,0.0
879,17/12/2006,08:03:00,0.21600000000000003,0.0,243.6,1.0,0.0,1.0,0.0
880,17/12/2006,08:04:00,2.256,0.052000000000000005,241.99,9.4,0.0,0.0,0.0
881,17/12/2006,08:05:00,2.312,0.048,241.62,9.4,0.0,0.0,0.0
882,17/12/2006,08:06:00,2.2880000000000003,0.052000000000000005,241.37,9.4,0.0,0.0,0.0
883,17/12/2006,08:07:00,2.3080000000000003,0.048,241.44,9.4,0.0,0.0,0.0
884,17/12/2006,08:08:00,2.272,0.054000000000000006,240.62,9.4,0.0,0.0,0.0
885,17/12/2006,08:09:00,2.354,0.0,241.27,9.6,0.0,1.0,0.0
886,17/12/2006,08:10:00,0.616,0.084,243.88,4.0,0.0,0.0,0.0
887,17/12/2006,08:11:00,0.282,0.08199999999999999,243.68,1.2,0.0,0.0,0.0
888,17/12/2006,08:12:00,1.78,0.06,241.11,8.4,0.0,0.0,0.0
889,17/12/2006,08:13:00,2.3480000000000003,0.048,240.67,9.6,0.0,0.0,0.0
890,17/12/2006,08:14:00,2.3680000000000003,0.054000000000000006,241.1,9.8,0.0,1.0,0.0
891,17/12/2006,08:15:00,2.362,0.052000000000000005,241.84,9.6,0.0,0.0,0.0
892,17/12/2006,08:16:00,2.378,0.055999999999999994,241.48,9.8,0.0,0.0,0.0
893,17/12/2006,08:17:00,2.43,0.134,240.97,10.0,0.0,0.0,0.0
894,17/12/2006,08:18:00,2.512,0.256,239.37,10.4,0.0,2.0,0.0
895,17/12/2006,08:19:00,0.616,0.226,241.48,3.8,0.0,1.0,0.0
896,17/12/2006,08:20:00,0.39799999999999996,0.23399999999999999,241.86,1.8,0.0,2.0,0.0
897,17/12/2006,08:21:00,1.528,0.212,241.11,7.6,0.0,1.0,0.0
898,17/12/2006,08:22:00,2.484,0.20800000000000002,241.06,10.2,0.0,2.0,0.0
899,17/12/2006,08:23:00,2.4619999999999997,0.20199999999999999,241.06,10.2,0.0,1.0,0.0
900,17/12/2006,08:24:00,2.502,0.214,242.36,10.2,0.0,2.0,0.0
901,17/12/2006,08:25:00,2.484,0.21,242.66,10.2,0.0,1.0,0.0
902,17/12/2006,08:26:00,2.4859999999999998,0.212,242.06,10.2,0.0,2.0,0.0
903,17/12/2006,08:27:00,2.04,0.214,242.4,9.0,0.0,2.0,0.0
904,17/12/2006,08:28:00,0.402,0.24600000000000002,244.02,2.0,0.0,1.0,0.0
905,17/12/2006,08:29:00,0.38,0.24,243.78,1.8,0.0,2.0,0.0
906,17/12/2006,08:30:00,1.876,0.196,241.39,8.6,0.0,1.0,0.0
907,17/12/2006,08:31:00,2.36,0.068,241.03,9.8,0.0,2.0,0.0
908,17/12/2006,08:32:00,2.364,0.07,240.69,9.8,0.0,1.0,0.0
909,17/12/2006,08:33:00,2.336,0.064,240.11,9.6,0.0,2.0,0.0
910,17/12/2006,08:34:00,2.352,0.068,239.68,9.8,0.0,1.0,0.0
911,17/12/2006,08:35:00,2.34,0.064,240.17,9.6,0.0,2.0,0.0
912,17/12/2006,08:36:00,2.36,0.07,240.34,9.8,0.0,1.0,0.0
913,17/12/2006,08:37:00,0.914,0.08800000000000001,242.65,5.4,0.0,1.0,0.0
914,17/12/2006,08:38:00,0.29,0.10400000000000001,243.51,1.2,0.0,2.0,0.0
915,17/12/2006,08:39:00,1.058,0.09,243.08,6.0,0.0,1.0,0.0
916,17/12/2006,08:40:00,2.374,0.07,241.42,9.8,0.0,2.0,0.0
917,17/12/2006,08:41:00,2.388,0.076,241.94,9.8,0.0,1.0,0.0
918,17/12/2006,08:42:00,2.358,0.0,242.68,9.6,0.0,1.0,0.0
919,17/12/2006,08:43:00,2.294,0.05,241.02,9.4,0.0,1.0,0.0
920,17/12/2006,08:44:00,2.278,0.054000000000000006,241.32,9.4,0.0,0.0,0.0
921,17/12/2006,08:45:00,2.28,0.05,240.08,9.4,0.0,0.0,0.0
922,17/12/2006,08:46:00,0.268,0.0,241.7,1.8,0.0,0.0,0.0
923,17/12/2006,08:47:00,0.222,0.0,242.47,1.0,0.0,0.0,0.0
924,17/12/2006,08:48:00,1.6219999999999999,0.046,241.27,7.8,0.0,0.0,0.0
925,17/12/2006,08:49:00,2.296,0.048,241.03,9.4,0.0,1.0,0.0
926,17/12/2006,08:50:00,2.278,0.054000000000000006,241.14,9.4,0.0,0.0,0.0
927,17/12/2006,08:51:00,2.296,0.05,240.7,9.4,0.0,0.0,0.0
928,17/12/2006,08:52:00,2.26,0.055999999999999994,239.73,9.4,0.0,0.0,0.0
929,17/12/2006,08:53:00,2.94,0.218,238.57,12.4,0.0,0.0,0.0
930,17/12/2006,08:54:00,2.792,0.17,238.51,11.6,0.0,0.0,0.0
931,17/12/2006,08:55:00,1.158,0.248,239.96,6.0,0.0,1.0,0.0
932,17/12/2006,08:56:00,0.932,0.39799999999999996,240.25,4.2,0.0,0.0,0.0
933,17/12/2006,08:57:00,2.5140000000000002,0.368,239.1,11.2,0.0,0.0,0.0
934,17/12/2006,08:58:00,2.984,0.33399999999999996,239.27,12.4,0.0,1.0,0.0
935,17/12/2006,08:59:00,2.9960000000000004,0.33799999999999997,238.94,12.6,0.0,1.0,0.0
936,17/12/2006,09:00:00,2.94,0.31,239.09,12.2,0.0,1.0,0.0
937,17/12/2006,09:01:00,3.278,0.158,239.63,14.2,0.0,7.0,0.0
938,17/12/2006,09:02:00,5.9079999999999995,0.134,237.9,25.4,0.0,38.0,0.0
939,17/12/2006,09:03:00,7.064,0.124,235.57,30.0,0.0,37.0,0.0
940,17/12/2006,09:04:00,6.926,0.11800000000000001,235.35,29.4,0.0,37.0,0.0
941,17/12/2006,09:05:00,6.58,0.055999999999999994,235.15,28.2,0.0,38.0,0.0
942,17/12/2006,09:06:00,6.05,0.0,235.22,26.2,0.0,37.0,0.0
943,17/12/2006,09:07:00,6.104,0.05,235.32,25.8,0.0,37.0,0.0
944,17/12/2006,09:08:00,4.762,0.08800000000000001,237.44,20.0,0.0,38.0,0.0
945,17/12/2006,09:09:00,4.506,0.08800000000000001,237.25,19.0,0.0,38.0,0.0
946,17/12/2006,09:10:00,4.4719999999999995,0.08800000000000001,236.34,18.8,0.0,37.0,0.0
947,17/12/2006,09:11:00,3.708,0.084,236.82,16.2,0.0,27.0,0.0
948,17/12/2006,09:12:00,0.7240000000000001,0.054000000000000006,240.88,4.6,0.0,2.0,0.0
949,17/12/2006,09:13:00,1.892,0.066,239.37,9.0,0.0,26.0,0.0
950,17/12/2006,09:14:00,2.012,0.0,239.17,9.0,0.0,2.0,0.0
951,17/12/2006,09:15:00,2.372,0.0,238.36,9.8,0.0,1.0,0.0
952,17/12/2006,09:16:00,2.386,0.0,238.96,10.0,0.0,0.0,0.0
953,17/12/2006,09:17:00,2.4,0.064,238.59,10.0,0.0,1.0,0.0
954,17/12/2006,09:18:00,2.424,0.068,238.48,10.0,0.0,2.0,0.0
955,17/12/2006,09:19:00,1.0659999999999998,0.05,240.0,6.0,0.0,1.0,0.0
956,17/12/2006,09:20:00,0.38,0.0,240.77,1.6,0.0,2.0,0.0
957,17/12/2006,09:21:00,1.632,0.0,239.72,7.8,0.0,1.0,0.0
958,17/12/2006,09:22:00,2.41,0.0,239.47,10.0,0.0,1.0,0.0
959,17/12/2006,09:23:00,2.38,0.062,239.45,9.8,0.0,0.0,0.0
960,17/12/2006,09:24:00,2.4019999999999997,0.06,239.23,10.0,0.0,1.0,0.0
961,17/12/2006,09:25:00,2.438,0.066,239.37,10.2,0.0,1.0,0.0
962,17/12/2006,09:26:00,2.432,0.066,239.18,10.0,0.0,1.0,0.0
963,17/12/2006,09:27:00,1.64,0.054000000000000006,239.87,8.0,0.0,2.0,0.0
964,17/12/2006,09:28:00,0.424,0.0,240.71,1.8,0.0,2.0,0.0
965,17/12/2006,09:29:00,1.41,0.124,239.52,7.2,0.0,5.0,0.0
966,17/12/2006,09:30:00,2.722,0.136,237.51,11.4,0.0,5.0,0.0
967,17/12/2006,09:31:00,2.7119999999999997,0.136,237.44,11.4,0.0,5.0,0.0
968,17/12/2006,09:32:00,2.7060000000000004,0.134,237.39,11.4,0.0,5.0,0.0
969,17/12/2006,09:33:00,2.488,0.11199999999999999,237.7,10.4,0.0,1.0,0.0
970,17/12/2006,09:34:00,2.424,0.07200000000000001,238.73,10.0,0.0,0.0,0.0
971,17/12/2006,09:35:00,1.258,0.184,239.79,6.8,0.0,0.0,0.0
972,17/12/2006,09:36:00,0.37,0.20600000000000002,240.85,1.8,0.0,0.0,0.0
973,17/12/2006,09:37:00,0.7859999999999999,0.20199999999999999,240.73,4.8,0.0,0.0,0.0
974,17/12/2006,09:38:00,2.474,0.17600000000000002,238.59,10.4,0.0,0.0,0.0
975,17/12/2006,09:39:00,2.474,0.17600000000000002,238.58,10.4,0.0,0.0,0.0
976,17/12/2006,09:40:00,2.488,0.17800000000000002,239.21,10.4,0.0,0.0,0.0
977,17/12/2006,09:41:00,2.4859999999999998,0.17800000000000002,239.29,10.4,0.0,0.0,0.0
978,17/12/2006,09:42:00,2.444,0.13,238.64,10.2,0.0,0.0,0.0
979,17/12/2006,09:43:00,2.272,0.048,239.04,9.6,0.0,0.0,0.0
980,17/12/2006,09:44:00,0.33799999999999997,0.076,241.21,1.4,0.0,0.0,0.0
981,17/12/2006,09:45:00,0.29,0.0,241.1,1.4,0.0,0.0,0.0
982,17/12/2006,09:46:00,1.466,0.0,240.92,7.4,0.0,0.0,0.0
983,17/12/2006,09:47:00,2.324,0.05,239.84,9.6,0.0,0.0,0.0
984,17/12/2006,09:48:00,2.32,0.052000000000000005,239.14,9.6,0.0,0.0,0.0
985,17/12/2006,09:49:00,2.3080000000000003,0.052000000000000005,238.59,9.6,0.0,0.0,0.0
986,17/12/2006,09:50:00,2.314,0.054000000000000006,238.76,9.6,0.0,0.0,0.0
987,17/12/2006,09:51:00,2.312,0.052000000000000005,239.03,9.6,0.0,0.0,0.0
988,17/12/2006,09:52:00,2.306,0.052000000000000005,239.26,9.6,0.0,0.0,0.0
989,17/12/2006,09:53:00,0.444,0.0,241.82,3.0,0.0,0.0,0.0
990,17/12/2006,09:54:00,0.268,0.0,242.48,1.2,0.0,0.0,0.0
991,17/12/2006,09:55:00,1.8459999999999999,0.046,240.12,8.4,0.0,0.0,0.0
992,17/12/2006,09:56:00,2.3080000000000003,0.054000000000000006,238.67,9.6,0.0,0.0,0.0
993,17/12/2006,09:57:00,2.29,0.055999999999999994,238.04,9.6,0.0,0.0,0.0
994,17/12/2006,09:58:00,2.2880000000000003,0.055999999999999994,238.09,9.6,0.0,0.0,0.0
995,17/12/2006,09:59:00,2.296,0.054000000000000006,238.13,9.6,0.0,0.0,0.0
996,17/12/2006,10:00:00,2.292,0.054000000000000006,238.03,9.6,0.0,0.0,0.0
997,17/12/2006,10:01:00,0.37,0.0,240.26,2.4,0.0,0.0,0.0
998,17/12/2006,10:02:00,0.47200000000000003,0.0,240.15,2.4,0.0,0.0,0.0
